"embedding","k","method_1","method_2","ari"
"user_embeddings_64",2,"KMeans","PD",-0.000206003851021497
"user_embeddings_64",2,"KMeans","RKM",0.993903086303019
"user_embeddings_64",2,"KMeans","RKM",0.993903086303019
"user_embeddings_64",2,"KMeans","RKM",0.992679952236069
"user_embeddings_64",2,"KMeans","RKM",0.995124965209548
"user_embeddings_64",2,"KMeans","FPDC",0.00988261833933926
"user_embeddings_64",2,"KMeans","FPDC",0.00995835275753571
"user_embeddings_64",2,"KMeans","FPDC",0.00297970067491749
"user_embeddings_64",2,"KMeans","FPDC",0.00318066942761969
"user_embeddings_64",2,"KMeans","FPDC",0.00119415820163741
"user_embeddings_64",2,"KMeans","FPDC",0.00134114232587867
"user_embeddings_64",2,"KMeans","FPDC",-5.47123659897634e-05
"user_embeddings_64",2,"KMeans","FPDC",-4.47212468071513e-05
"user_embeddings_64",2,"PD","RKM",-0.000174135296823936
"user_embeddings_64",2,"PD","RKM",-0.000174135296823936
"user_embeddings_64",2,"PD","RKM",-0.000167103645239467
"user_embeddings_64",2,"PD","RKM",-0.000180947634740238
"user_embeddings_64",2,"PD","FPDC",-0.00012176621449943
"user_embeddings_64",2,"PD","FPDC",-9.70898306099069e-05
"user_embeddings_64",2,"PD","FPDC",-0.000163871989144984
"user_embeddings_64",2,"PD","FPDC",-0.000156741679276635
"user_embeddings_64",2,"PD","FPDC",8.70995698884094e-05
"user_embeddings_64",2,"PD","FPDC",-0.00014704913865136
"user_embeddings_64",2,"PD","FPDC",-0.000164588093073992
"user_embeddings_64",2,"PD","FPDC",1.87813195600259e-05
"user_embeddings_64",2,"RKM","RKM",1
"user_embeddings_64",2,"RKM","RKM",0.998774809243722
"user_embeddings_64",2,"RKM","RKM",0.99877648173708
"user_embeddings_64",2,"RKM","FPDC",0.00955021971282083
"user_embeddings_64",2,"RKM","FPDC",0.00962489552455278
"user_embeddings_64",2,"RKM","FPDC",0.0027921482568805
"user_embeddings_64",2,"RKM","FPDC",0.00298766913295666
"user_embeddings_64",2,"RKM","FPDC",0.00112516969681021
"user_embeddings_64",2,"RKM","FPDC",0.0013159366519598
"user_embeddings_64",2,"RKM","FPDC",-4.95445868249015e-05
"user_embeddings_64",2,"RKM","FPDC",-3.67118869982015e-05
"user_embeddings_64",2,"RKM","RKM",0.998774809243722
"user_embeddings_64",2,"RKM","RKM",0.99877648173708
"user_embeddings_64",2,"RKM","FPDC",0.00955021971282083
"user_embeddings_64",2,"RKM","FPDC",0.00962489552455278
"user_embeddings_64",2,"RKM","FPDC",0.0027921482568805
"user_embeddings_64",2,"RKM","FPDC",0.00298766913295666
"user_embeddings_64",2,"RKM","FPDC",0.00112516969681021
"user_embeddings_64",2,"RKM","FPDC",0.0013159366519598
"user_embeddings_64",2,"RKM","FPDC",-4.95445868249015e-05
"user_embeddings_64",2,"RKM","FPDC",-3.67118869982015e-05
"user_embeddings_64",2,"RKM","RKM",0.997551698614785
"user_embeddings_64",2,"RKM","FPDC",0.00948439786541361
"user_embeddings_64",2,"RKM","FPDC",0.00955886196123304
"user_embeddings_64",2,"RKM","FPDC",0.00275529568046694
"user_embeddings_64",2,"RKM","FPDC",0.00294972698475837
"user_embeddings_64",2,"RKM","FPDC",0.00110255616622999
"user_embeddings_64",2,"RKM","FPDC",0.00129084987635149
"user_embeddings_64",2,"RKM","FPDC",-4.4344043080663e-05
"user_embeddings_64",2,"RKM","FPDC",-3.36625239792887e-05
"user_embeddings_64",2,"RKM","FPDC",0.00961626085295625
"user_embeddings_64",2,"RKM","FPDC",0.00969114838238883
"user_embeddings_64",2,"RKM","FPDC",0.00282922013578256
"user_embeddings_64",2,"RKM","FPDC",0.00302583058481776
"user_embeddings_64",2,"RKM","FPDC",0.00114800256705643
"user_embeddings_64",2,"RKM","FPDC",0.00129079959757379
"user_embeddings_64",2,"RKM","FPDC",-5.45258000476062e-05
"user_embeddings_64",2,"RKM","FPDC",-3.95419140834402e-05
"user_embeddings_64",2,"FPDC","FPDC",0.996690934807324
"user_embeddings_64",2,"FPDC","FPDC",0.436731418040148
"user_embeddings_64",2,"FPDC","FPDC",0.436293756731792
"user_embeddings_64",2,"FPDC","FPDC",0.0110638816334971
"user_embeddings_64",2,"FPDC","FPDC",0.00674326544571175
"user_embeddings_64",2,"FPDC","FPDC",0.0231400066081365
"user_embeddings_64",2,"FPDC","FPDC",0.0229382449559983
"user_embeddings_64",2,"FPDC","FPDC",0.436293756598082
"user_embeddings_64",2,"FPDC","FPDC",0.435856314524258
"user_embeddings_64",2,"FPDC","FPDC",0.0109938053220895
"user_embeddings_64",2,"FPDC","FPDC",0.00690940348750735
"user_embeddings_64",2,"FPDC","FPDC",0.0228376660924551
"user_embeddings_64",2,"FPDC","FPDC",0.0226372194103605
"user_embeddings_64",2,"FPDC","FPDC",0.986138772931703
"user_embeddings_64",2,"FPDC","FPDC",0.0248905600942215
"user_embeddings_64",2,"FPDC","FPDC",0.0235461863867031
"user_embeddings_64",2,"FPDC","FPDC",0.0543394152314521
"user_embeddings_64",2,"FPDC","FPDC",0.0512908135130274
"user_embeddings_64",2,"FPDC","FPDC",0.0247858305371142
"user_embeddings_64",2,"FPDC","FPDC",0.0242654619518166
"user_embeddings_64",2,"FPDC","FPDC",0.0548042734122874
"user_embeddings_64",2,"FPDC","FPDC",0.0508410857896209
"user_embeddings_64",2,"FPDC","FPDC",0.417253740539158
"user_embeddings_64",2,"FPDC","FPDC",0.0480386192880717
"user_embeddings_64",2,"FPDC","FPDC",0.0471700811408273
"user_embeddings_64",2,"FPDC","FPDC",0.0403726731431779
"user_embeddings_64",2,"FPDC","FPDC",0.0374920559422362
"user_embeddings_64",2,"FPDC","FPDC",0.225968939372549
"user_embeddings_64",3,"KMeans","PD",-0.000212812894316643
"user_embeddings_64",3,"KMeans","RKM",0.98672562572658
"user_embeddings_64",3,"KMeans","RKM",0.979553088411945
"user_embeddings_64",3,"KMeans","RKM",0.988343144059586
"user_embeddings_64",3,"KMeans","RKM",0.970849539210932
"user_embeddings_64",3,"KMeans","FPDC",0.0344183996951727
"user_embeddings_64",3,"KMeans","FPDC",0.0334334967110642
"user_embeddings_64",3,"KMeans","FPDC",0.0167974524683347
"user_embeddings_64",3,"KMeans","FPDC",0.0149324191085669
"user_embeddings_64",3,"KMeans","FPDC",0.0149296610402502
"user_embeddings_64",3,"KMeans","FPDC",0.0162812357884096
"user_embeddings_64",3,"KMeans","FPDC",0.0229647102240794
"user_embeddings_64",3,"KMeans","FPDC",0.0245219316147997
"user_embeddings_64",3,"PD","RKM",-0.000237254372669728
"user_embeddings_64",3,"PD","RKM",-0.000205076930174509
"user_embeddings_64",3,"PD","RKM",-0.000240480357778591
"user_embeddings_64",3,"PD","RKM",-0.000243171066932637
"user_embeddings_64",3,"PD","FPDC",-0.000222109008142292
"user_embeddings_64",3,"PD","FPDC",-0.000160163651041953
"user_embeddings_64",3,"PD","FPDC",6.0147987126221e-05
"user_embeddings_64",3,"PD","FPDC",-1.48934389483943e-05
"user_embeddings_64",3,"PD","FPDC",-0.000132226021823139
"user_embeddings_64",3,"PD","FPDC",-0.000118797240854872
"user_embeddings_64",3,"PD","FPDC",-0.000207039562610238
"user_embeddings_64",3,"PD","FPDC",-0.000210724211955307
"user_embeddings_64",3,"RKM","RKM",0.979488251772376
"user_embeddings_64",3,"RKM","RKM",0.988352782486656
"user_embeddings_64",3,"RKM","RKM",0.972252206452338
"user_embeddings_64",3,"RKM","FPDC",0.0351211401094752
"user_embeddings_64",3,"RKM","FPDC",0.0341350077104087
"user_embeddings_64",3,"RKM","FPDC",0.0168586741944811
"user_embeddings_64",3,"RKM","FPDC",0.0149354510345919
"user_embeddings_64",3,"RKM","FPDC",0.0143961195559775
"user_embeddings_64",3,"RKM","FPDC",0.015614339133827
"user_embeddings_64",3,"RKM","FPDC",0.022097336302808
"user_embeddings_64",3,"RKM","FPDC",0.0237810864240386
"user_embeddings_64",3,"RKM","RKM",0.98683244996319
"user_embeddings_64",3,"RKM","RKM",0.988346286734023
"user_embeddings_64",3,"RKM","FPDC",0.0368966386525831
"user_embeddings_64",3,"RKM","FPDC",0.0359028719108919
"user_embeddings_64",3,"RKM","FPDC",0.0176289889182843
"user_embeddings_64",3,"RKM","FPDC",0.0154875697819462
"user_embeddings_64",3,"RKM","FPDC",0.0161384947059535
"user_embeddings_64",3,"RKM","FPDC",0.0173529913292348
"user_embeddings_64",3,"RKM","FPDC",0.0236947167161815
"user_embeddings_64",3,"RKM","FPDC",0.0258347820712739
"user_embeddings_64",3,"RKM","RKM",0.979649906900906
"user_embeddings_64",3,"RKM","FPDC",0.0358064535822346
"user_embeddings_64",3,"RKM","FPDC",0.0348145425922412
"user_embeddings_64",3,"RKM","FPDC",0.0172065340254352
"user_embeddings_64",3,"RKM","FPDC",0.015192184466664
"user_embeddings_64",3,"RKM","FPDC",0.0156463184346326
"user_embeddings_64",3,"RKM","FPDC",0.0166569656875123
"user_embeddings_64",3,"RKM","FPDC",0.0231944252875772
"user_embeddings_64",3,"RKM","FPDC",0.024987446079146
"user_embeddings_64",3,"RKM","FPDC",0.0385632634109847
"user_embeddings_64",3,"RKM","FPDC",0.0375644235978343
"user_embeddings_64",3,"RKM","FPDC",0.0183296939190252
"user_embeddings_64",3,"RKM","FPDC",0.0159396765025408
"user_embeddings_64",3,"RKM","FPDC",0.0166127963811432
"user_embeddings_64",3,"RKM","FPDC",0.0181895673384302
"user_embeddings_64",3,"RKM","FPDC",0.0247858041288135
"user_embeddings_64",3,"RKM","FPDC",0.0268426765986587
"user_embeddings_64",3,"FPDC","FPDC",0.944271192084443
"user_embeddings_64",3,"FPDC","FPDC",0.29688999865247
"user_embeddings_64",3,"FPDC","FPDC",0.296261376899351
"user_embeddings_64",3,"FPDC","FPDC",0.206912407232108
"user_embeddings_64",3,"FPDC","FPDC",0.182309580647594
"user_embeddings_64",3,"FPDC","FPDC",0.152416188919541
"user_embeddings_64",3,"FPDC","FPDC",0.144754434071072
"user_embeddings_64",3,"FPDC","FPDC",0.29903501790863
"user_embeddings_64",3,"FPDC","FPDC",0.296410721790712
"user_embeddings_64",3,"FPDC","FPDC",0.205105445909867
"user_embeddings_64",3,"FPDC","FPDC",0.180404937969617
"user_embeddings_64",3,"FPDC","FPDC",0.150399513488151
"user_embeddings_64",3,"FPDC","FPDC",0.143045816359829
"user_embeddings_64",3,"FPDC","FPDC",0.78560489285442
"user_embeddings_64",3,"FPDC","FPDC",0.307948174732803
"user_embeddings_64",3,"FPDC","FPDC",0.214539984572337
"user_embeddings_64",3,"FPDC","FPDC",0.112694171038243
"user_embeddings_64",3,"FPDC","FPDC",0.10471632011253
"user_embeddings_64",3,"FPDC","FPDC",0.355433247288515
"user_embeddings_64",3,"FPDC","FPDC",0.251246031408821
"user_embeddings_64",3,"FPDC","FPDC",0.121538789758827
"user_embeddings_64",3,"FPDC","FPDC",0.116215075663789
"user_embeddings_64",3,"FPDC","FPDC",0.557997207651601
"user_embeddings_64",3,"FPDC","FPDC",0.310957365996526
"user_embeddings_64",3,"FPDC","FPDC",0.332556227717439
"user_embeddings_64",3,"FPDC","FPDC",0.355533098715669
"user_embeddings_64",3,"FPDC","FPDC",0.386836295917771
"user_embeddings_64",3,"FPDC","FPDC",0.353140154557395
"user_embeddings_64",4,"KMeans","PD",0.000325072710331593
"user_embeddings_64",4,"KMeans","RKM",0.347133000850337
"user_embeddings_64",4,"KMeans","RKM",0.725662756772385
"user_embeddings_64",4,"KMeans","RKM",0.650479874069122
"user_embeddings_64",4,"KMeans","RKM",0.765285085712843
"user_embeddings_64",4,"KMeans","FPDC",0.0471849106865256
"user_embeddings_64",4,"KMeans","FPDC",0.0464726231715256
"user_embeddings_64",4,"KMeans","FPDC",0.0942428851601961
"user_embeddings_64",4,"KMeans","FPDC",0.0767721658890682
"user_embeddings_64",4,"KMeans","FPDC",0.187719295275428
"user_embeddings_64",4,"KMeans","FPDC",0.251720582674107
"user_embeddings_64",4,"KMeans","FPDC",0.188938744349904
"user_embeddings_64",4,"KMeans","FPDC",0.20665945831588
"user_embeddings_64",4,"PD","RKM",6.82447350624674e-05
"user_embeddings_64",4,"PD","RKM",-1.74462064801067e-05
"user_embeddings_64",4,"PD","RKM",-1.97012522926095e-05
"user_embeddings_64",4,"PD","RKM",0.000191409259906089
"user_embeddings_64",4,"PD","FPDC",-1.43344637992357e-05
"user_embeddings_64",4,"PD","FPDC",6.72172269230441e-05
"user_embeddings_64",4,"PD","FPDC",6.48637058765802e-05
"user_embeddings_64",4,"PD","FPDC",7.4962217595467e-05
"user_embeddings_64",4,"PD","FPDC",4.70973561326501e-06
"user_embeddings_64",4,"PD","FPDC",0.000173160101044318
"user_embeddings_64",4,"PD","FPDC",0.000153764782195604
"user_embeddings_64",4,"PD","FPDC",-0.000269067942820947
"user_embeddings_64",4,"RKM","RKM",0.284928200733888
"user_embeddings_64",4,"RKM","RKM",0.242953505968782
"user_embeddings_64",4,"RKM","RKM",0.320347939528043
"user_embeddings_64",4,"RKM","FPDC",0.0302191559130313
"user_embeddings_64",4,"RKM","FPDC",0.0285048939659076
"user_embeddings_64",4,"RKM","FPDC",0.140820616086212
"user_embeddings_64",4,"RKM","FPDC",0.133831398441541
"user_embeddings_64",4,"RKM","FPDC",0.126299512722074
"user_embeddings_64",4,"RKM","FPDC",0.166021445723211
"user_embeddings_64",4,"RKM","FPDC",0.0633843387275497
"user_embeddings_64",4,"RKM","FPDC",0.102980101062976
"user_embeddings_64",4,"RKM","RKM",0.74621822605984
"user_embeddings_64",4,"RKM","RKM",0.80210172460777
"user_embeddings_64",4,"RKM","FPDC",0.0740983531047709
"user_embeddings_64",4,"RKM","FPDC",0.0731480963511894
"user_embeddings_64",4,"RKM","FPDC",0.102681063500944
"user_embeddings_64",4,"RKM","FPDC",0.0883367520277996
"user_embeddings_64",4,"RKM","FPDC",0.260437878827607
"user_embeddings_64",4,"RKM","FPDC",0.283808973426979
"user_embeddings_64",4,"RKM","FPDC",0.217583658233311
"user_embeddings_64",4,"RKM","FPDC",0.235191820225877
"user_embeddings_64",4,"RKM","RKM",0.676053261189979
"user_embeddings_64",4,"RKM","FPDC",0.0653289589038964
"user_embeddings_64",4,"RKM","FPDC",0.0652595382793139
"user_embeddings_64",4,"RKM","FPDC",0.0805027561312124
"user_embeddings_64",4,"RKM","FPDC",0.0713089525790015
"user_embeddings_64",4,"RKM","FPDC",0.214691228010599
"user_embeddings_64",4,"RKM","FPDC",0.202768454345079
"user_embeddings_64",4,"RKM","FPDC",0.197562595997238
"user_embeddings_64",4,"RKM","FPDC",0.196279486200822
"user_embeddings_64",4,"RKM","FPDC",0.0666323689231124
"user_embeddings_64",4,"RKM","FPDC",0.066021743569314
"user_embeddings_64",4,"RKM","FPDC",0.126361535365859
"user_embeddings_64",4,"RKM","FPDC",0.104669404464364
"user_embeddings_64",4,"RKM","FPDC",0.238913667034967
"user_embeddings_64",4,"RKM","FPDC",0.319967867679981
"user_embeddings_64",4,"RKM","FPDC",0.19891345388012
"user_embeddings_64",4,"RKM","FPDC",0.22413475848511
"user_embeddings_64",4,"FPDC","FPDC",0.938074426192028
"user_embeddings_64",4,"FPDC","FPDC",0.367197541586422
"user_embeddings_64",4,"FPDC","FPDC",0.348097783602075
"user_embeddings_64",4,"FPDC","FPDC",0.189675429074498
"user_embeddings_64",4,"FPDC","FPDC",0.153765195007185
"user_embeddings_64",4,"FPDC","FPDC",0.106995940255431
"user_embeddings_64",4,"FPDC","FPDC",0.135111850222234
"user_embeddings_64",4,"FPDC","FPDC",0.372168981021394
"user_embeddings_64",4,"FPDC","FPDC",0.352115974041101
"user_embeddings_64",4,"FPDC","FPDC",0.192568285342113
"user_embeddings_64",4,"FPDC","FPDC",0.154617950469097
"user_embeddings_64",4,"FPDC","FPDC",0.107500731431798
"user_embeddings_64",4,"FPDC","FPDC",0.135554657408358
"user_embeddings_64",4,"FPDC","FPDC",0.675367217045312
"user_embeddings_64",4,"FPDC","FPDC",0.196257582098669
"user_embeddings_64",4,"FPDC","FPDC",0.246483035020231
"user_embeddings_64",4,"FPDC","FPDC",0.105569805830215
"user_embeddings_64",4,"FPDC","FPDC",0.138464263744605
"user_embeddings_64",4,"FPDC","FPDC",0.174045475536745
"user_embeddings_64",4,"FPDC","FPDC",0.213131881028224
"user_embeddings_64",4,"FPDC","FPDC",0.0898979954777138
"user_embeddings_64",4,"FPDC","FPDC",0.116492429092556
"user_embeddings_64",4,"FPDC","FPDC",0.372688449110344
"user_embeddings_64",4,"FPDC","FPDC",0.263931270576212
"user_embeddings_64",4,"FPDC","FPDC",0.331827374791203
"user_embeddings_64",4,"FPDC","FPDC",0.249241490159882
"user_embeddings_64",4,"FPDC","FPDC",0.32428118842637
"user_embeddings_64",4,"FPDC","FPDC",0.295780518392712
"user_embeddings_64",5,"KMeans","PD",-2.22838753380341e-05
"user_embeddings_64",5,"KMeans","RKM",0.66696243618094
"user_embeddings_64",5,"KMeans","RKM",0.666134436249342
"user_embeddings_64",5,"KMeans","RKM",0.67028960049294
"user_embeddings_64",5,"KMeans","RKM",0.714364479077323
"user_embeddings_64",5,"KMeans","FPDC",0.0555141617873133
"user_embeddings_64",5,"KMeans","FPDC",0.0496003282247064
"user_embeddings_64",5,"KMeans","FPDC",0.0203425721901712
"user_embeddings_64",5,"KMeans","FPDC",0.0208460652259613
"user_embeddings_64",5,"KMeans","FPDC",0.0146704407619758
"user_embeddings_64",5,"KMeans","FPDC",0.0162795847974703
"user_embeddings_64",5,"KMeans","FPDC",0.0103869996536874
"user_embeddings_64",5,"KMeans","FPDC",0.0116319978502076
"user_embeddings_64",5,"PD","RKM",-9.60458749515958e-05
"user_embeddings_64",5,"PD","RKM",-0.000135782014794058
"user_embeddings_64",5,"PD","RKM",2.21336156525818e-05
"user_embeddings_64",5,"PD","RKM",-0.000175295791924267
"user_embeddings_64",5,"PD","FPDC",0.00047641924201397
"user_embeddings_64",5,"PD","FPDC",0.000398679123197179
"user_embeddings_64",5,"PD","FPDC",0.000696350686950152
"user_embeddings_64",5,"PD","FPDC",0.000454868817873964
"user_embeddings_64",5,"PD","FPDC",0.000558983431955476
"user_embeddings_64",5,"PD","FPDC",0.00074883487920485
"user_embeddings_64",5,"PD","FPDC",-3.95294129396536e-06
"user_embeddings_64",5,"PD","FPDC",0.000734832984818195
"user_embeddings_64",5,"RKM","RKM",0.842802577649451
"user_embeddings_64",5,"RKM","RKM",0.782869804541736
"user_embeddings_64",5,"RKM","RKM",0.762200738138354
"user_embeddings_64",5,"RKM","FPDC",0.075587929715996
"user_embeddings_64",5,"RKM","FPDC",0.0699999803081723
"user_embeddings_64",5,"RKM","FPDC",0.0340745778621443
"user_embeddings_64",5,"RKM","FPDC",0.0533606386544187
"user_embeddings_64",5,"RKM","FPDC",0.031637462671288
"user_embeddings_64",5,"RKM","FPDC",0.0348915804979792
"user_embeddings_64",5,"RKM","FPDC",0.0206262894468949
"user_embeddings_64",5,"RKM","FPDC",0.024861695307481
"user_embeddings_64",5,"RKM","RKM",0.830390671524186
"user_embeddings_64",5,"RKM","RKM",0.799741845535669
"user_embeddings_64",5,"RKM","FPDC",0.0870606750375663
"user_embeddings_64",5,"RKM","FPDC",0.082379462951198
"user_embeddings_64",5,"RKM","FPDC",0.0357226435040718
"user_embeddings_64",5,"RKM","FPDC",0.0616443642197951
"user_embeddings_64",5,"RKM","FPDC",0.0350157343382247
"user_embeddings_64",5,"RKM","FPDC",0.0367718090313742
"user_embeddings_64",5,"RKM","FPDC",0.0240258112542576
"user_embeddings_64",5,"RKM","FPDC",0.0267824539139055
"user_embeddings_64",5,"RKM","RKM",0.791572416450518
"user_embeddings_64",5,"RKM","FPDC",0.0538425622032539
"user_embeddings_64",5,"RKM","FPDC",0.0501930917871616
"user_embeddings_64",5,"RKM","FPDC",0.0285356485943138
"user_embeddings_64",5,"RKM","FPDC",0.044467274313695
"user_embeddings_64",5,"RKM","FPDC",0.0376374097497425
"user_embeddings_64",5,"RKM","FPDC",0.0340241501231514
"user_embeddings_64",5,"RKM","FPDC",0.0236201650153911
"user_embeddings_64",5,"RKM","FPDC",0.0273434317750282
"user_embeddings_64",5,"RKM","FPDC",0.0825662619243736
"user_embeddings_64",5,"RKM","FPDC",0.0773841698179305
"user_embeddings_64",5,"RKM","FPDC",0.0303468846975637
"user_embeddings_64",5,"RKM","FPDC",0.0546367688758245
"user_embeddings_64",5,"RKM","FPDC",0.019396052466746
"user_embeddings_64",5,"RKM","FPDC",0.030368884452609
"user_embeddings_64",5,"RKM","FPDC",0.0113338185512519
"user_embeddings_64",5,"RKM","FPDC",0.0152063553488293
"user_embeddings_64",5,"FPDC","FPDC",0.651293779358012
"user_embeddings_64",5,"FPDC","FPDC",0.287725999927802
"user_embeddings_64",5,"FPDC","FPDC",0.339830385177448
"user_embeddings_64",5,"FPDC","FPDC",0.202182319349676
"user_embeddings_64",5,"FPDC","FPDC",0.202035151586946
"user_embeddings_64",5,"FPDC","FPDC",0.103198315866553
"user_embeddings_64",5,"FPDC","FPDC",0.106927024105056
"user_embeddings_64",5,"FPDC","FPDC",0.26999261972397
"user_embeddings_64",5,"FPDC","FPDC",0.321214455772142
"user_embeddings_64",5,"FPDC","FPDC",0.192336166155273
"user_embeddings_64",5,"FPDC","FPDC",0.194143529378815
"user_embeddings_64",5,"FPDC","FPDC",0.0979094966909081
"user_embeddings_64",5,"FPDC","FPDC",0.0995190826719394
"user_embeddings_64",5,"FPDC","FPDC",0.438147130377134
"user_embeddings_64",5,"FPDC","FPDC",0.193267218915574
"user_embeddings_64",5,"FPDC","FPDC",0.266184631288049
"user_embeddings_64",5,"FPDC","FPDC",0.0814760946312849
"user_embeddings_64",5,"FPDC","FPDC",0.0914826113795085
"user_embeddings_64",5,"FPDC","FPDC",0.279392903526521
"user_embeddings_64",5,"FPDC","FPDC",0.375533711013849
"user_embeddings_64",5,"FPDC","FPDC",0.123178465781815
"user_embeddings_64",5,"FPDC","FPDC",0.132415828759767
"user_embeddings_64",5,"FPDC","FPDC",0.425821483292831
"user_embeddings_64",5,"FPDC","FPDC",0.25668608216047
"user_embeddings_64",5,"FPDC","FPDC",0.305348167396436
"user_embeddings_64",5,"FPDC","FPDC",0.229272026854144
"user_embeddings_64",5,"FPDC","FPDC",0.256880483302041
"user_embeddings_64",5,"FPDC","FPDC",0.332236685014724
"user_embeddings_64",6,"KMeans","PD",0.000243859144969741
"user_embeddings_64",6,"KMeans","RKM",0.247178895930687
"user_embeddings_64",6,"KMeans","RKM",0.69862432057591
"user_embeddings_64",6,"KMeans","RKM",0.591353327841178
"user_embeddings_64",6,"KMeans","RKM",0.533563048212649
"user_embeddings_64",6,"KMeans","FPDC",0.0544571066701909
"user_embeddings_64",6,"KMeans","FPDC",0.0580113431784039
"user_embeddings_64",6,"KMeans","FPDC",0.0453723497101554
"user_embeddings_64",6,"KMeans","FPDC",0.0407426962990213
"user_embeddings_64",6,"KMeans","FPDC",0.184656464834345
"user_embeddings_64",6,"KMeans","FPDC",0.101281591152113
"user_embeddings_64",6,"KMeans","FPDC",0.076179222525927
"user_embeddings_64",6,"KMeans","FPDC",0.123725727605707
"user_embeddings_64",6,"PD","RKM",0.000661947658345747
"user_embeddings_64",6,"PD","RKM",0.00034064431627831
"user_embeddings_64",6,"PD","RKM",0.000273280470673137
"user_embeddings_64",6,"PD","RKM",1.66913400233728e-05
"user_embeddings_64",6,"PD","FPDC",0.000565638615617865
"user_embeddings_64",6,"PD","FPDC",0.000595830740935015
"user_embeddings_64",6,"PD","FPDC",9.80849452942623e-05
"user_embeddings_64",6,"PD","FPDC",0.000280940366658834
"user_embeddings_64",6,"PD","FPDC",0.000237779396220549
"user_embeddings_64",6,"PD","FPDC",0.000476657566790595
"user_embeddings_64",6,"PD","FPDC",0.000835337654468702
"user_embeddings_64",6,"PD","FPDC",0.000805243073903533
"user_embeddings_64",6,"RKM","RKM",0.300515815185075
"user_embeddings_64",6,"RKM","RKM",0.288578423525016
"user_embeddings_64",6,"RKM","RKM",0.293295650494435
"user_embeddings_64",6,"RKM","FPDC",0.0816126631439524
"user_embeddings_64",6,"RKM","FPDC",0.0864465816573771
"user_embeddings_64",6,"RKM","FPDC",0.0480119337438457
"user_embeddings_64",6,"RKM","FPDC",0.0287136003218444
"user_embeddings_64",6,"RKM","FPDC",0.0380873161723139
"user_embeddings_64",6,"RKM","FPDC",0.054376377894741
"user_embeddings_64",6,"RKM","FPDC",0.0359437091635762
"user_embeddings_64",6,"RKM","FPDC",0.0433354206392694
"user_embeddings_64",6,"RKM","RKM",0.749554088218736
"user_embeddings_64",6,"RKM","RKM",0.680963328138224
"user_embeddings_64",6,"RKM","FPDC",0.0444219896857316
"user_embeddings_64",6,"RKM","FPDC",0.0487976922822841
"user_embeddings_64",6,"RKM","FPDC",0.0333834670220878
"user_embeddings_64",6,"RKM","FPDC",0.0280623847402405
"user_embeddings_64",6,"RKM","FPDC",0.128929847218142
"user_embeddings_64",6,"RKM","FPDC",0.077173311399788
"user_embeddings_64",6,"RKM","FPDC",0.0431632930828413
"user_embeddings_64",6,"RKM","FPDC",0.0827429326029542
"user_embeddings_64",6,"RKM","RKM",0.784948219522011
"user_embeddings_64",6,"RKM","FPDC",0.0352489363729396
"user_embeddings_64",6,"RKM","FPDC",0.0400966647361594
"user_embeddings_64",6,"RKM","FPDC",0.0218714222021267
"user_embeddings_64",6,"RKM","FPDC",0.0168928869567901
"user_embeddings_64",6,"RKM","FPDC",0.0923108603025655
"user_embeddings_64",6,"RKM","FPDC",0.0594227211700406
"user_embeddings_64",6,"RKM","FPDC",0.0284769296294158
"user_embeddings_64",6,"RKM","FPDC",0.0585574820280532
"user_embeddings_64",6,"RKM","FPDC",0.0391112779891219
"user_embeddings_64",6,"RKM","FPDC",0.0438724576761214
"user_embeddings_64",6,"RKM","FPDC",0.0236255357568126
"user_embeddings_64",6,"RKM","FPDC",0.0191548617138012
"user_embeddings_64",6,"RKM","FPDC",0.0848234881308465
"user_embeddings_64",6,"RKM","FPDC",0.0667702055173171
"user_embeddings_64",6,"RKM","FPDC",0.0243539764561288
"user_embeddings_64",6,"RKM","FPDC",0.0585754558950927
"user_embeddings_64",6,"FPDC","FPDC",0.704752595697371
"user_embeddings_64",6,"FPDC","FPDC",0.338281810800462
"user_embeddings_64",6,"FPDC","FPDC",0.296066495926871
"user_embeddings_64",6,"FPDC","FPDC",0.129589194802639
"user_embeddings_64",6,"FPDC","FPDC",0.176841945486515
"user_embeddings_64",6,"FPDC","FPDC",0.120353262949777
"user_embeddings_64",6,"FPDC","FPDC",0.135383080604412
"user_embeddings_64",6,"FPDC","FPDC",0.33567859766055
"user_embeddings_64",6,"FPDC","FPDC",0.306292946954263
"user_embeddings_64",6,"FPDC","FPDC",0.134627577706653
"user_embeddings_64",6,"FPDC","FPDC",0.181958474285065
"user_embeddings_64",6,"FPDC","FPDC",0.126776673561201
"user_embeddings_64",6,"FPDC","FPDC",0.136600602052303
"user_embeddings_64",6,"FPDC","FPDC",0.537337799810361
"user_embeddings_64",6,"FPDC","FPDC",0.232320372186235
"user_embeddings_64",6,"FPDC","FPDC",0.266701433795875
"user_embeddings_64",6,"FPDC","FPDC",0.155838422520667
"user_embeddings_64",6,"FPDC","FPDC",0.15792005046416
"user_embeddings_64",6,"FPDC","FPDC",0.247119144579186
"user_embeddings_64",6,"FPDC","FPDC",0.222506327110874
"user_embeddings_64",6,"FPDC","FPDC",0.121063761130045
"user_embeddings_64",6,"FPDC","FPDC",0.118446628434784
"user_embeddings_64",6,"FPDC","FPDC",0.320675257541241
"user_embeddings_64",6,"FPDC","FPDC",0.197826087371184
"user_embeddings_64",6,"FPDC","FPDC",0.227233491556684
"user_embeddings_64",6,"FPDC","FPDC",0.243987631819367
"user_embeddings_64",6,"FPDC","FPDC",0.305392106763032
"user_embeddings_64",6,"FPDC","FPDC",0.275583654739982
"user_embeddings_64",7,"KMeans","PD",-8.27205073885213e-05
"user_embeddings_64",7,"KMeans","RKM",0.303895565650747
"user_embeddings_64",7,"KMeans","RKM",0.249566172715922
"user_embeddings_64",7,"KMeans","RKM",0.324253060882791
"user_embeddings_64",7,"KMeans","RKM",0.305831442583783
"user_embeddings_64",7,"KMeans","FPDC",0.0524339824297133
"user_embeddings_64",7,"KMeans","FPDC",0.052522766339606
"user_embeddings_64",7,"KMeans","FPDC",0.0636969556356454
"user_embeddings_64",7,"KMeans","FPDC",-0.00732030020203943
"user_embeddings_64",7,"KMeans","FPDC",-0.00759342014923466
"user_embeddings_64",7,"KMeans","FPDC",-0.0104062334708132
"user_embeddings_64",7,"KMeans","FPDC",-0.0112427606966716
"user_embeddings_64",7,"PD","RKM",-5.51839784844118e-05
"user_embeddings_64",7,"PD","RKM",0.000309579312759429
"user_embeddings_64",7,"PD","RKM",-0.000194933947689729
"user_embeddings_64",7,"PD","RKM",9.28851419192164e-05
"user_embeddings_64",7,"PD","FPDC",0.00044687111556222
"user_embeddings_64",7,"PD","FPDC",0.000253018706728934
"user_embeddings_64",7,"PD","FPDC",0.000559649452714829
"user_embeddings_64",7,"PD","FPDC",0.000299514248921204
"user_embeddings_64",7,"PD","FPDC",9.07015154683411e-05
"user_embeddings_64",7,"PD","FPDC",0.000574164982639297
"user_embeddings_64",7,"PD","FPDC",0.000303902273338924
"user_embeddings_64",7,"RKM","RKM",0.287411153251354
"user_embeddings_64",7,"RKM","RKM",0.29709205001771
"user_embeddings_64",7,"RKM","RKM",0.270190624705407
"user_embeddings_64",7,"RKM","FPDC",0.0911718804292826
"user_embeddings_64",7,"RKM","FPDC",0.0357949817776623
"user_embeddings_64",7,"RKM","FPDC",0.0632955877402591
"user_embeddings_64",7,"RKM","FPDC",0.0454593993139073
"user_embeddings_64",7,"RKM","FPDC",0.0604743739301961
"user_embeddings_64",7,"RKM","FPDC",0.0355760814024669
"user_embeddings_64",7,"RKM","FPDC",0.0383798693108092
"user_embeddings_64",7,"RKM","RKM",0.280209960972529
"user_embeddings_64",7,"RKM","RKM",0.334119838744561
"user_embeddings_64",7,"RKM","FPDC",0.0752778905224721
"user_embeddings_64",7,"RKM","FPDC",0.0573692321958263
"user_embeddings_64",7,"RKM","FPDC",0.0640848893584746
"user_embeddings_64",7,"RKM","FPDC",0.103612037657547
"user_embeddings_64",7,"RKM","FPDC",0.0855223173978512
"user_embeddings_64",7,"RKM","FPDC",0.0466810576811686
"user_embeddings_64",7,"RKM","FPDC",0.0995242480426107
"user_embeddings_64",7,"RKM","RKM",0.589220436979117
"user_embeddings_64",7,"RKM","FPDC",0.0421256598013721
"user_embeddings_64",7,"RKM","FPDC",0.0114331501921876
"user_embeddings_64",7,"RKM","FPDC",0.0196158695928974
"user_embeddings_64",7,"RKM","FPDC",0.000684336869346977
"user_embeddings_64",7,"RKM","FPDC",-0.000519486303592199
"user_embeddings_64",7,"RKM","FPDC",-0.0052924464633697
"user_embeddings_64",7,"RKM","FPDC",-0.000330746432940062
"user_embeddings_64",7,"RKM","FPDC",0.0372331935564739
"user_embeddings_64",7,"RKM","FPDC",0.019836055345172
"user_embeddings_64",7,"RKM","FPDC",0.0307943707717607
"user_embeddings_64",7,"RKM","FPDC",0.0409527245032495
"user_embeddings_64",7,"RKM","FPDC",0.0132140931847797
"user_embeddings_64",7,"RKM","FPDC",0.0176053905903163
"user_embeddings_64",7,"RKM","FPDC",0.0404509394811032
"user_embeddings_64",7,"FPDC","FPDC",0.307390264764217
"user_embeddings_64",7,"FPDC","FPDC",0.264189353497096
"user_embeddings_64",7,"FPDC","FPDC",0.112426536115551
"user_embeddings_64",7,"FPDC","FPDC",0.204860337766126
"user_embeddings_64",7,"FPDC","FPDC",0.118754549104815
"user_embeddings_64",7,"FPDC","FPDC",0.104282472574235
"user_embeddings_64",7,"FPDC","FPDC",0.546441807336743
"user_embeddings_64",7,"FPDC","FPDC",0.245194325885436
"user_embeddings_64",7,"FPDC","FPDC",0.320096595207448
"user_embeddings_64",7,"FPDC","FPDC",0.163552926033638
"user_embeddings_64",7,"FPDC","FPDC",0.144522838407123
"user_embeddings_64",7,"FPDC","FPDC",0.257033850384683
"user_embeddings_64",7,"FPDC","FPDC",0.282462079593898
"user_embeddings_64",7,"FPDC","FPDC",0.171388898451589
"user_embeddings_64",7,"FPDC","FPDC",0.15142537247672
"user_embeddings_64",7,"FPDC","FPDC",0.436498144442244
"user_embeddings_64",7,"FPDC","FPDC",0.264941716673818
"user_embeddings_64",7,"FPDC","FPDC",0.320592878748906
"user_embeddings_64",7,"FPDC","FPDC",0.278027878912631
"user_embeddings_64",7,"FPDC","FPDC",0.289194642723527
"user_embeddings_64",7,"FPDC","FPDC",0.243490356636657
"user_embeddings_64",8,"KMeans","PD",0.000298730628775617
"user_embeddings_64",8,"KMeans","RKM",0.224030465026629
"user_embeddings_64",8,"KMeans","RKM",0.255791667570113
"user_embeddings_64",8,"KMeans","RKM",0.184690555524337
"user_embeddings_64",8,"KMeans","RKM",0.190668966219447
"user_embeddings_64",8,"KMeans","FPDC",0.0679261092500167
"user_embeddings_64",8,"KMeans","FPDC",0.0844969329035197
"user_embeddings_64",8,"KMeans","FPDC",0.0394088315645886
"user_embeddings_64",8,"KMeans","FPDC",0.0444625401407425
"user_embeddings_64",8,"KMeans","FPDC",0.0228386880908011
"user_embeddings_64",8,"KMeans","FPDC",0.0290525895767969
"user_embeddings_64",8,"PD","RKM",0.000259243950129181
"user_embeddings_64",8,"PD","RKM",0.000697529492814043
"user_embeddings_64",8,"PD","RKM",0.000306398841714905
"user_embeddings_64",8,"PD","RKM",0.00051544186348504
"user_embeddings_64",8,"PD","FPDC",0.00027469954025491
"user_embeddings_64",8,"PD","FPDC",7.43492699888018e-05
"user_embeddings_64",8,"PD","FPDC",0.000280386037758874
"user_embeddings_64",8,"PD","FPDC",0.000371904456619629
"user_embeddings_64",8,"PD","FPDC",0.000323839639267216
"user_embeddings_64",8,"PD","FPDC",-8.86321577702109e-05
"user_embeddings_64",8,"RKM","RKM",0.301236666973368
"user_embeddings_64",8,"RKM","RKM",0.234948728611264
"user_embeddings_64",8,"RKM","RKM",0.210129876382731
"user_embeddings_64",8,"RKM","FPDC",0.126566628491379
"user_embeddings_64",8,"RKM","FPDC",0.15493811508424
"user_embeddings_64",8,"RKM","FPDC",0.278603372915051
"user_embeddings_64",8,"RKM","FPDC",0.219753878558246
"user_embeddings_64",8,"RKM","FPDC",0.12482750135759
"user_embeddings_64",8,"RKM","FPDC",0.0900518632325273
"user_embeddings_64",8,"RKM","RKM",0.385587830786634
"user_embeddings_64",8,"RKM","RKM",0.338339795418378
"user_embeddings_64",8,"RKM","FPDC",0.0769589659101981
"user_embeddings_64",8,"RKM","FPDC",0.0937148717870081
"user_embeddings_64",8,"RKM","FPDC",0.0505344403967716
"user_embeddings_64",8,"RKM","FPDC",0.11603287698285
"user_embeddings_64",8,"RKM","FPDC",0.0391253394516551
"user_embeddings_64",8,"RKM","FPDC",0.0572217006088457
"user_embeddings_64",8,"RKM","RKM",0.609455341281568
"user_embeddings_64",8,"RKM","FPDC",0.0769085322350503
"user_embeddings_64",8,"RKM","FPDC",0.0880666413476034
"user_embeddings_64",8,"RKM","FPDC",0.100196388078574
"user_embeddings_64",8,"RKM","FPDC",0.140849754365788
"user_embeddings_64",8,"RKM","FPDC",0.0505676626147281
"user_embeddings_64",8,"RKM","FPDC",0.061732473635197
"user_embeddings_64",8,"RKM","FPDC",0.0738136416389013
"user_embeddings_64",8,"RKM","FPDC",0.0859967993048519
"user_embeddings_64",8,"RKM","FPDC",0.0907547996720946
"user_embeddings_64",8,"RKM","FPDC",0.0974972798192444
"user_embeddings_64",8,"RKM","FPDC",0.0402926975495125
"user_embeddings_64",8,"RKM","FPDC",0.036302341165807
"user_embeddings_64",8,"FPDC","FPDC",0.599662808919588
"user_embeddings_64",8,"FPDC","FPDC",0.140315506260045
"user_embeddings_64",8,"FPDC","FPDC",0.106048857167773
"user_embeddings_64",8,"FPDC","FPDC",0.0794811613290878
"user_embeddings_64",8,"FPDC","FPDC",0.0679892260106313
"user_embeddings_64",8,"FPDC","FPDC",0.135244875187419
"user_embeddings_64",8,"FPDC","FPDC",0.100436230216349
"user_embeddings_64",8,"FPDC","FPDC",0.07737549614456
"user_embeddings_64",8,"FPDC","FPDC",0.0692957893747895
"user_embeddings_64",8,"FPDC","FPDC",0.410240371711961
"user_embeddings_64",8,"FPDC","FPDC",0.25301079790952
"user_embeddings_64",8,"FPDC","FPDC",0.166596918075344
"user_embeddings_64",8,"FPDC","FPDC",0.244094361193337
"user_embeddings_64",8,"FPDC","FPDC",0.24046647903455
"user_embeddings_64",8,"FPDC","FPDC",0.183798779381132
"user_embeddings_128",2,"KMeans","PD",1.49497988907953e-05
"user_embeddings_128",2,"KMeans","RKM",0.983163622162802
"user_embeddings_128",2,"KMeans","RKM",0.983163622162802
"user_embeddings_128",2,"KMeans","RKM",0.984205349180693
"user_embeddings_128",2,"KMeans","RKM",0.984189462408538
"user_embeddings_128",2,"KMeans","FPDC",0.00410253701331792
"user_embeddings_128",2,"KMeans","FPDC",0.00402363995625944
"user_embeddings_128",2,"KMeans","FPDC",0.00160675054022748
"user_embeddings_128",2,"KMeans","FPDC",0.00156115512302707
"user_embeddings_128",2,"KMeans","FPDC",-0.000256545876694031
"user_embeddings_128",2,"KMeans","FPDC",-6.09031500812345e-06
"user_embeddings_128",2,"KMeans","FPDC",-0.000105965300466813
"user_embeddings_128",2,"KMeans","FPDC",-0.000536066375142346
"user_embeddings_128",2,"PD","RKM",-9.48788271270796e-06
"user_embeddings_128",2,"PD","RKM",-9.48788271270796e-06
"user_embeddings_128",2,"PD","RKM",1.9094184180722e-06
"user_embeddings_128",2,"PD","RKM",1.67151680912538e-06
"user_embeddings_128",2,"PD","FPDC",9.89058387301148e-06
"user_embeddings_128",2,"PD","FPDC",-3.87970382330598e-05
"user_embeddings_128",2,"PD","FPDC",-1.54401642831928e-05
"user_embeddings_128",2,"PD","FPDC",-2.3452436430138e-05
"user_embeddings_128",2,"PD","FPDC",-6.69656429021913e-05
"user_embeddings_128",2,"PD","FPDC",6.64917981574706e-05
"user_embeddings_128",2,"PD","FPDC",-0.000160369180081615
"user_embeddings_128",2,"PD","FPDC",-0.000107758334215532
"user_embeddings_128",2,"RKM","RKM",1
"user_embeddings_128",2,"RKM","RKM",0.998939212995564
"user_embeddings_128",2,"RKM","RKM",0.996815449365191
"user_embeddings_128",2,"RKM","FPDC",0.00393282162364327
"user_embeddings_128",2,"RKM","FPDC",0.00385573673970608
"user_embeddings_128",2,"RKM","FPDC",0.00155286248389134
"user_embeddings_128",2,"RKM","FPDC",0.00150754894633535
"user_embeddings_128",2,"RKM","FPDC",-0.000293698798831234
"user_embeddings_128",2,"RKM","FPDC",3.02572303153601e-05
"user_embeddings_128",2,"RKM","FPDC",-1.98838011737462e-05
"user_embeddings_128",2,"RKM","FPDC",-0.000511156231557545
"user_embeddings_128",2,"RKM","RKM",0.998939212995564
"user_embeddings_128",2,"RKM","RKM",0.996815449365191
"user_embeddings_128",2,"RKM","FPDC",0.00393282162364327
"user_embeddings_128",2,"RKM","FPDC",0.00385573673970608
"user_embeddings_128",2,"RKM","FPDC",0.00155286248389134
"user_embeddings_128",2,"RKM","FPDC",0.00150754894633535
"user_embeddings_128",2,"RKM","FPDC",-0.000293698798831234
"user_embeddings_128",2,"RKM","FPDC",3.02572303153601e-05
"user_embeddings_128",2,"RKM","FPDC",-1.98838011737462e-05
"user_embeddings_128",2,"RKM","FPDC",-0.000511156231557545
"user_embeddings_128",2,"RKM","RKM",0.997875529489474
"user_embeddings_128",2,"RKM","FPDC",0.00397508654750702
"user_embeddings_128",2,"RKM","FPDC",0.00389756842544591
"user_embeddings_128",2,"RKM","FPDC",0.00157999775112052
"user_embeddings_128",2,"RKM","FPDC",0.0015344497865687
"user_embeddings_128",2,"RKM","FPDC",-0.000288486240579346
"user_embeddings_128",2,"RKM","FPDC",2.38699975999124e-05
"user_embeddings_128",2,"RKM","FPDC",-3.56972363021138e-05
"user_embeddings_128",2,"RKM","FPDC",-0.00051913297577209
"user_embeddings_128",2,"RKM","FPDC",0.00397518108468488
"user_embeddings_128",2,"RKM","FPDC",0.00389767430554338
"user_embeddings_128",2,"RKM","FPDC",0.00152614759119826
"user_embeddings_128",2,"RKM","FPDC",0.00148100601644003
"user_embeddings_128",2,"RKM","FPDC",-0.000288810307130414
"user_embeddings_128",2,"RKM","FPDC",2.40345508277751e-05
"user_embeddings_128",2,"RKM","FPDC",-3.63871337161496e-05
"user_embeddings_128",2,"RKM","FPDC",-0.000534428707905392
"user_embeddings_128",2,"FPDC","FPDC",0.99602977990313
"user_embeddings_128",2,"FPDC","FPDC",0.173658299761842
"user_embeddings_128",2,"FPDC","FPDC",0.173934541804328
"user_embeddings_128",2,"FPDC","FPDC",0.000887636550045809
"user_embeddings_128",2,"FPDC","FPDC",0.00338745924109161
"user_embeddings_128",2,"FPDC","FPDC",0.00201466988094256
"user_embeddings_128",2,"FPDC","FPDC",0.00123476126107747
"user_embeddings_128",2,"FPDC","FPDC",0.172555533074261
"user_embeddings_128",2,"FPDC","FPDC",0.172830898093871
"user_embeddings_128",2,"FPDC","FPDC",0.00097536994266934
"user_embeddings_128",2,"FPDC","FPDC",0.00346685313752864
"user_embeddings_128",2,"FPDC","FPDC",0.00207696543138415
"user_embeddings_128",2,"FPDC","FPDC",0.00118564105316703
"user_embeddings_128",2,"FPDC","FPDC",0.978261498791306
"user_embeddings_128",2,"FPDC","FPDC",0.178104487170487
"user_embeddings_128",2,"FPDC","FPDC",0.195277592675024
"user_embeddings_128",2,"FPDC","FPDC",0.0320493578919844
"user_embeddings_128",2,"FPDC","FPDC",0.0344707161689771
"user_embeddings_128",2,"FPDC","FPDC",0.177824949804878
"user_embeddings_128",2,"FPDC","FPDC",0.194400187092424
"user_embeddings_128",2,"FPDC","FPDC",0.0321683222709349
"user_embeddings_128",2,"FPDC","FPDC",0.0345940636455083
"user_embeddings_128",2,"FPDC","FPDC",0.297667185036752
"user_embeddings_128",2,"FPDC","FPDC",0.0483296980643205
"user_embeddings_128",2,"FPDC","FPDC",0.0454565054741398
"user_embeddings_128",2,"FPDC","FPDC",0.0465955742441126
"user_embeddings_128",2,"FPDC","FPDC",0.0451743667163002
"user_embeddings_128",2,"FPDC","FPDC",0.0801875707345229
"user_embeddings_128",3,"KMeans","PD",1.18724393716317e-05
"user_embeddings_128",3,"KMeans","RKM",0.949380770285093
"user_embeddings_128",3,"KMeans","RKM",0.943129733247001
"user_embeddings_128",3,"KMeans","RKM",0.949486481226734
"user_embeddings_128",3,"KMeans","RKM",0.949151526327287
"user_embeddings_128",3,"KMeans","FPDC",0.0895494789539245
"user_embeddings_128",3,"KMeans","FPDC",0.0876649282936329
"user_embeddings_128",3,"KMeans","FPDC",0.0376088092776336
"user_embeddings_128",3,"KMeans","FPDC",0.0368268282810755
"user_embeddings_128",3,"KMeans","FPDC",0.0522548323018465
"user_embeddings_128",3,"KMeans","FPDC",0.0441460457945534
"user_embeddings_128",3,"KMeans","FPDC",0.0398229887242922
"user_embeddings_128",3,"KMeans","FPDC",0.0434060029446308
"user_embeddings_128",3,"PD","RKM",-2.63534937198373e-05
"user_embeddings_128",3,"PD","RKM",-2.67522521805916e-05
"user_embeddings_128",3,"PD","RKM",3.13415701293272e-06
"user_embeddings_128",3,"PD","RKM",-6.98430100039577e-06
"user_embeddings_128",3,"PD","FPDC",9.92998969277949e-05
"user_embeddings_128",3,"PD","FPDC",1.72118447070768e-05
"user_embeddings_128",3,"PD","FPDC",9.75630838641383e-05
"user_embeddings_128",3,"PD","FPDC",0.00012981715992376
"user_embeddings_128",3,"PD","FPDC",-3.50221298383607e-05
"user_embeddings_128",3,"PD","FPDC",3.05879855311067e-05
"user_embeddings_128",3,"PD","FPDC",-8.09268268646373e-05
"user_embeddings_128",3,"PD","FPDC",-0.000276400537010727
"user_embeddings_128",3,"RKM","RKM",0.986859927233196
"user_embeddings_128",3,"RKM","RKM",0.996040194122758
"user_embeddings_128",3,"RKM","RKM",0.995972732517965
"user_embeddings_128",3,"RKM","FPDC",0.080336598161332
"user_embeddings_128",3,"RKM","FPDC",0.078505829942902
"user_embeddings_128",3,"RKM","FPDC",0.0328128928914409
"user_embeddings_128",3,"RKM","FPDC",0.0320071687401466
"user_embeddings_128",3,"RKM","FPDC",0.0454658796694388
"user_embeddings_128",3,"RKM","FPDC",0.0375129630057717
"user_embeddings_128",3,"RKM","FPDC",0.0367653072161706
"user_embeddings_128",3,"RKM","FPDC",0.0389161255173938
"user_embeddings_128",3,"RKM","RKM",0.982906790589676
"user_embeddings_128",3,"RKM","RKM",0.984230765516234
"user_embeddings_128",3,"RKM","FPDC",0.0779473197122606
"user_embeddings_128",3,"RKM","FPDC",0.0761238986511271
"user_embeddings_128",3,"RKM","FPDC",0.0318131368709684
"user_embeddings_128",3,"RKM","FPDC",0.0309505846718704
"user_embeddings_128",3,"RKM","FPDC",0.0434654392936647
"user_embeddings_128",3,"RKM","FPDC",0.0358135865485378
"user_embeddings_128",3,"RKM","FPDC",0.0355641320760671
"user_embeddings_128",3,"RKM","FPDC",0.0375442991233978
"user_embeddings_128",3,"RKM","RKM",0.993290811078511
"user_embeddings_128",3,"RKM","FPDC",0.0807037520204764
"user_embeddings_128",3,"RKM","FPDC",0.0788762166921091
"user_embeddings_128",3,"RKM","FPDC",0.032971277364827
"user_embeddings_128",3,"RKM","FPDC",0.0322442928403072
"user_embeddings_128",3,"RKM","FPDC",0.0458708898905147
"user_embeddings_128",3,"RKM","FPDC",0.0378623883828703
"user_embeddings_128",3,"RKM","FPDC",0.0369667239387061
"user_embeddings_128",3,"RKM","FPDC",0.039251161881284
"user_embeddings_128",3,"RKM","FPDC",0.0800575744926489
"user_embeddings_128",3,"RKM","FPDC",0.0782370737128293
"user_embeddings_128",3,"RKM","FPDC",0.0327400777309232
"user_embeddings_128",3,"RKM","FPDC",0.0319268718358784
"user_embeddings_128",3,"RKM","FPDC",0.0454952511972984
"user_embeddings_128",3,"RKM","FPDC",0.0373575706520942
"user_embeddings_128",3,"RKM","FPDC",0.0365968537378095
"user_embeddings_128",3,"RKM","FPDC",0.0390109084279993
"user_embeddings_128",3,"FPDC","FPDC",0.963361879978049
"user_embeddings_128",3,"FPDC","FPDC",0.379751121079202
"user_embeddings_128",3,"FPDC","FPDC",0.384307708430097
"user_embeddings_128",3,"FPDC","FPDC",0.46494290496157
"user_embeddings_128",3,"FPDC","FPDC",0.449390217570738
"user_embeddings_128",3,"FPDC","FPDC",0.245148493793584
"user_embeddings_128",3,"FPDC","FPDC",0.236484402821798
"user_embeddings_128",3,"FPDC","FPDC",0.381302386425347
"user_embeddings_128",3,"FPDC","FPDC",0.385280605014727
"user_embeddings_128",3,"FPDC","FPDC",0.469509046630212
"user_embeddings_128",3,"FPDC","FPDC",0.452285742232512
"user_embeddings_128",3,"FPDC","FPDC",0.247306442979109
"user_embeddings_128",3,"FPDC","FPDC",0.238424772687584
"user_embeddings_128",3,"FPDC","FPDC",0.924955634396477
"user_embeddings_128",3,"FPDC","FPDC",0.42034841451921
"user_embeddings_128",3,"FPDC","FPDC",0.400095611895151
"user_embeddings_128",3,"FPDC","FPDC",0.263074969183569
"user_embeddings_128",3,"FPDC","FPDC",0.243704855810287
"user_embeddings_128",3,"FPDC","FPDC",0.414566575210124
"user_embeddings_128",3,"FPDC","FPDC",0.3954658628287
"user_embeddings_128",3,"FPDC","FPDC",0.262847925074903
"user_embeddings_128",3,"FPDC","FPDC",0.24342971717038
"user_embeddings_128",3,"FPDC","FPDC",0.654691005895596
"user_embeddings_128",3,"FPDC","FPDC",0.314923120604631
"user_embeddings_128",3,"FPDC","FPDC",0.312658352276857
"user_embeddings_128",3,"FPDC","FPDC",0.3170483138765
"user_embeddings_128",3,"FPDC","FPDC",0.311095248943042
"user_embeddings_128",3,"FPDC","FPDC",0.237801016143579
"user_embeddings_128",4,"KMeans","PD",-8.24519506219726e-05
"user_embeddings_128",4,"KMeans","RKM",0.512131470738477
"user_embeddings_128",4,"KMeans","RKM",0.89958413975194
"user_embeddings_128",4,"KMeans","RKM",0.933543555457397
"user_embeddings_128",4,"KMeans","RKM",0.922194800074671
"user_embeddings_128",4,"KMeans","FPDC",0.113607274786547
"user_embeddings_128",4,"KMeans","FPDC",0.113099154368357
"user_embeddings_128",4,"KMeans","FPDC",0.157137002532088
"user_embeddings_128",4,"KMeans","FPDC",0.147556757083881
"user_embeddings_128",4,"KMeans","FPDC",0.196807779890294
"user_embeddings_128",4,"KMeans","FPDC",0.180500244866623
"user_embeddings_128",4,"KMeans","FPDC",0.0834972440930021
"user_embeddings_128",4,"KMeans","FPDC",0.101342781745399
"user_embeddings_128",4,"PD","RKM",-3.23075049419503e-05
"user_embeddings_128",4,"PD","RKM",-0.000126754873596426
"user_embeddings_128",4,"PD","RKM",-3.20573311611175e-05
"user_embeddings_128",4,"PD","RKM",-2.32167645111332e-07
"user_embeddings_128",4,"PD","FPDC",-0.000123817991583483
"user_embeddings_128",4,"PD","FPDC",-0.000162137189083809
"user_embeddings_128",4,"PD","FPDC",0.000367742585455451
"user_embeddings_128",4,"PD","FPDC",-4.66124801877169e-05
"user_embeddings_128",4,"PD","FPDC",0.000183782449796786
"user_embeddings_128",4,"PD","FPDC",9.75096225339807e-05
"user_embeddings_128",4,"PD","FPDC",-5.32113508855369e-05
"user_embeddings_128",4,"PD","FPDC",-0.000160372759801216
"user_embeddings_128",4,"RKM","RKM",0.475506544493698
"user_embeddings_128",4,"RKM","RKM",0.530534936632326
"user_embeddings_128",4,"RKM","RKM",0.530009495483504
"user_embeddings_128",4,"RKM","FPDC",0.0570851395778192
"user_embeddings_128",4,"RKM","FPDC",0.0573758398483002
"user_embeddings_128",4,"RKM","FPDC",0.0422000681319487
"user_embeddings_128",4,"RKM","FPDC",0.0342706153620023
"user_embeddings_128",4,"RKM","FPDC",0.0792971440256618
"user_embeddings_128",4,"RKM","FPDC",0.0804706725961788
"user_embeddings_128",4,"RKM","FPDC",0.033222333999153
"user_embeddings_128",4,"RKM","FPDC",0.0383756450682615
"user_embeddings_128",4,"RKM","RKM",0.899376249009783
"user_embeddings_128",4,"RKM","RKM",0.893449775296965
"user_embeddings_128",4,"RKM","FPDC",0.124500044105693
"user_embeddings_128",4,"RKM","FPDC",0.124494175338816
"user_embeddings_128",4,"RKM","FPDC",0.16362000380809
"user_embeddings_128",4,"RKM","FPDC",0.162971546436436
"user_embeddings_128",4,"RKM","FPDC",0.220409739607419
"user_embeddings_128",4,"RKM","FPDC",0.202876686968654
"user_embeddings_128",4,"RKM","FPDC",0.0898409661359931
"user_embeddings_128",4,"RKM","FPDC",0.110521535545853
"user_embeddings_128",4,"RKM","RKM",0.959694572835132
"user_embeddings_128",4,"RKM","FPDC",0.110578211381833
"user_embeddings_128",4,"RKM","FPDC",0.110497664427654
"user_embeddings_128",4,"RKM","FPDC",0.148812136338638
"user_embeddings_128",4,"RKM","FPDC",0.139215220972069
"user_embeddings_128",4,"RKM","FPDC",0.193082185837345
"user_embeddings_128",4,"RKM","FPDC",0.17719794596066
"user_embeddings_128",4,"RKM","FPDC",0.0797393695316374
"user_embeddings_128",4,"RKM","FPDC",0.0979454715203615
"user_embeddings_128",4,"RKM","FPDC",0.111794101257626
"user_embeddings_128",4,"RKM","FPDC",0.111650852123802
"user_embeddings_128",4,"RKM","FPDC",0.145897143445814
"user_embeddings_128",4,"RKM","FPDC",0.137142965956883
"user_embeddings_128",4,"RKM","FPDC",0.195869315914235
"user_embeddings_128",4,"RKM","FPDC",0.176940407926324
"user_embeddings_128",4,"RKM","FPDC",0.0803393810719953
"user_embeddings_128",4,"RKM","FPDC",0.0991734455538039
"user_embeddings_128",4,"FPDC","FPDC",0.956398433614555
"user_embeddings_128",4,"FPDC","FPDC",0.394692513361915
"user_embeddings_128",4,"FPDC","FPDC",0.428686869670375
"user_embeddings_128",4,"FPDC","FPDC",0.373675319999235
"user_embeddings_128",4,"FPDC","FPDC",0.357979182383736
"user_embeddings_128",4,"FPDC","FPDC",0.163078936199105
"user_embeddings_128",4,"FPDC","FPDC",0.239789442852069
"user_embeddings_128",4,"FPDC","FPDC",0.393978610099976
"user_embeddings_128",4,"FPDC","FPDC",0.427343128753709
"user_embeddings_128",4,"FPDC","FPDC",0.372450899595422
"user_embeddings_128",4,"FPDC","FPDC",0.356798059132431
"user_embeddings_128",4,"FPDC","FPDC",0.162875792843309
"user_embeddings_128",4,"FPDC","FPDC",0.236645967112115
"user_embeddings_128",4,"FPDC","FPDC",0.673086624917997
"user_embeddings_128",4,"FPDC","FPDC",0.389906744943253
"user_embeddings_128",4,"FPDC","FPDC",0.35395636507692
"user_embeddings_128",4,"FPDC","FPDC",0.176479950529992
"user_embeddings_128",4,"FPDC","FPDC",0.256464805602056
"user_embeddings_128",4,"FPDC","FPDC",0.369064157563072
"user_embeddings_128",4,"FPDC","FPDC",0.352745333638831
"user_embeddings_128",4,"FPDC","FPDC",0.179283636968008
"user_embeddings_128",4,"FPDC","FPDC",0.258758679026511
"user_embeddings_128",4,"FPDC","FPDC",0.49691894666243
"user_embeddings_128",4,"FPDC","FPDC",0.23554271162102
"user_embeddings_128",4,"FPDC","FPDC",0.320094207737961
"user_embeddings_128",4,"FPDC","FPDC",0.222157669008434
"user_embeddings_128",4,"FPDC","FPDC",0.304981874808289
"user_embeddings_128",4,"FPDC","FPDC",0.184016073601032
"user_embeddings_128",5,"KMeans","PD",-0.000411902624181948
"user_embeddings_128",5,"KMeans","RKM",0.773813611786373
"user_embeddings_128",5,"KMeans","RKM",0.854651586899435
"user_embeddings_128",5,"KMeans","RKM",0.817172817415635
"user_embeddings_128",5,"KMeans","RKM",0.825056675480036
"user_embeddings_128",5,"KMeans","FPDC",0.0895387657441643
"user_embeddings_128",5,"KMeans","FPDC",0.0942984104609772
"user_embeddings_128",5,"KMeans","FPDC",0.0345634268653052
"user_embeddings_128",5,"KMeans","FPDC",0.0359359130229435
"user_embeddings_128",5,"KMeans","FPDC",0.0192865847895879
"user_embeddings_128",5,"KMeans","FPDC",0.0119372058314614
"user_embeddings_128",5,"KMeans","FPDC",0.00946588461294269
"user_embeddings_128",5,"KMeans","FPDC",0.0104766310704217
"user_embeddings_128",5,"PD","RKM",-0.000317003404692784
"user_embeddings_128",5,"PD","RKM",-0.000348609030322778
"user_embeddings_128",5,"PD","RKM",-0.00028404604605992
"user_embeddings_128",5,"PD","RKM",-0.000262067882748085
"user_embeddings_128",5,"PD","FPDC",-0.00034219304595611
"user_embeddings_128",5,"PD","FPDC",-0.000370900645424253
"user_embeddings_128",5,"PD","FPDC",7.47682566446846e-05
"user_embeddings_128",5,"PD","FPDC",0.00010812765858638
"user_embeddings_128",5,"PD","FPDC",5.60070363917401e-05
"user_embeddings_128",5,"PD","FPDC",-0.000370298829820014
"user_embeddings_128",5,"PD","FPDC",-0.000217778584426575
"user_embeddings_128",5,"PD","FPDC",-6.04817745641186e-05
"user_embeddings_128",5,"RKM","RKM",0.768587134253042
"user_embeddings_128",5,"RKM","RKM",0.797208376112481
"user_embeddings_128",5,"RKM","RKM",0.795338887749688
"user_embeddings_128",5,"RKM","FPDC",0.138526598766346
"user_embeddings_128",5,"RKM","FPDC",0.142939671649463
"user_embeddings_128",5,"RKM","FPDC",0.0682103674083632
"user_embeddings_128",5,"RKM","FPDC",0.0686539470792437
"user_embeddings_128",5,"RKM","FPDC",0.024971746959222
"user_embeddings_128",5,"RKM","FPDC",0.0168200781143362
"user_embeddings_128",5,"RKM","FPDC",0.015335553425869
"user_embeddings_128",5,"RKM","FPDC",0.016265593372639
"user_embeddings_128",5,"RKM","RKM",0.788109373243128
"user_embeddings_128",5,"RKM","RKM",0.793386935554538
"user_embeddings_128",5,"RKM","FPDC",0.110289624967404
"user_embeddings_128",5,"RKM","FPDC",0.115633912431497
"user_embeddings_128",5,"RKM","FPDC",0.0479391596900169
"user_embeddings_128",5,"RKM","FPDC",0.0445442990132353
"user_embeddings_128",5,"RKM","FPDC",0.0217749356998046
"user_embeddings_128",5,"RKM","FPDC",0.0169047761409494
"user_embeddings_128",5,"RKM","FPDC",0.01194695799317
"user_embeddings_128",5,"RKM","FPDC",0.0128899899157284
"user_embeddings_128",5,"RKM","RKM",0.953702169603372
"user_embeddings_128",5,"RKM","FPDC",0.122333668471133
"user_embeddings_128",5,"RKM","FPDC",0.12703779136046
"user_embeddings_128",5,"RKM","FPDC",0.0620462598138245
"user_embeddings_128",5,"RKM","FPDC",0.0677547006867986
"user_embeddings_128",5,"RKM","FPDC",0.0232733489803006
"user_embeddings_128",5,"RKM","FPDC",0.0120627109506103
"user_embeddings_128",5,"RKM","FPDC",0.0140826250612581
"user_embeddings_128",5,"RKM","FPDC",0.0152704658488458
"user_embeddings_128",5,"RKM","FPDC",0.119386700565313
"user_embeddings_128",5,"RKM","FPDC",0.123423839193989
"user_embeddings_128",5,"RKM","FPDC",0.0613534355026799
"user_embeddings_128",5,"RKM","FPDC",0.0662479742383472
"user_embeddings_128",5,"RKM","FPDC",0.0230971093260315
"user_embeddings_128",5,"RKM","FPDC",0.0128284079463284
"user_embeddings_128",5,"RKM","FPDC",0.0137509744499395
"user_embeddings_128",5,"RKM","FPDC",0.0144331919538904
"user_embeddings_128",5,"FPDC","FPDC",0.892844305137598
"user_embeddings_128",5,"FPDC","FPDC",0.358747064315163
"user_embeddings_128",5,"FPDC","FPDC",0.390106447723035
"user_embeddings_128",5,"FPDC","FPDC",0.32500078594591
"user_embeddings_128",5,"FPDC","FPDC",0.328515635367078
"user_embeddings_128",5,"FPDC","FPDC",0.184575157398886
"user_embeddings_128",5,"FPDC","FPDC",0.18088378576425
"user_embeddings_128",5,"FPDC","FPDC",0.353789971948224
"user_embeddings_128",5,"FPDC","FPDC",0.387936086510821
"user_embeddings_128",5,"FPDC","FPDC",0.315257902964407
"user_embeddings_128",5,"FPDC","FPDC",0.320924272892652
"user_embeddings_128",5,"FPDC","FPDC",0.180079206061437
"user_embeddings_128",5,"FPDC","FPDC",0.176210335339771
"user_embeddings_128",5,"FPDC","FPDC",0.525876095083512
"user_embeddings_128",5,"FPDC","FPDC",0.342601757437622
"user_embeddings_128",5,"FPDC","FPDC",0.345022350155564
"user_embeddings_128",5,"FPDC","FPDC",0.228163598918005
"user_embeddings_128",5,"FPDC","FPDC",0.218919230842947
"user_embeddings_128",5,"FPDC","FPDC",0.35313380816987
"user_embeddings_128",5,"FPDC","FPDC",0.354668009967714
"user_embeddings_128",5,"FPDC","FPDC",0.240729901088565
"user_embeddings_128",5,"FPDC","FPDC",0.227701548129948
"user_embeddings_128",5,"FPDC","FPDC",0.531775338689985
"user_embeddings_128",5,"FPDC","FPDC",0.308211225561969
"user_embeddings_128",5,"FPDC","FPDC",0.284476040134362
"user_embeddings_128",5,"FPDC","FPDC",0.302678649155901
"user_embeddings_128",5,"FPDC","FPDC",0.280032350541625
"user_embeddings_128",5,"FPDC","FPDC",0.271213422345554
"user_embeddings_128",6,"KMeans","PD",-2.9736609693833e-05
"user_embeddings_128",6,"KMeans","RKM",0.563265903081365
"user_embeddings_128",6,"KMeans","RKM",0.57798169761421
"user_embeddings_128",6,"KMeans","RKM",0.599734206695275
"user_embeddings_128",6,"KMeans","RKM",0.594472613491048
"user_embeddings_128",6,"KMeans","FPDC",0.10950993085832
"user_embeddings_128",6,"KMeans","FPDC",0.109655121274595
"user_embeddings_128",6,"KMeans","FPDC",0.0510301640666556
"user_embeddings_128",6,"KMeans","FPDC",0.0734192561583558
"user_embeddings_128",6,"KMeans","FPDC",0.0425255334604595
"user_embeddings_128",6,"KMeans","FPDC",0.0112029584260076
"user_embeddings_128",6,"KMeans","FPDC",0.0075178478591968
"user_embeddings_128",6,"KMeans","FPDC",0.00527961188548304
"user_embeddings_128",6,"PD","RKM",-0.000104514712160021
"user_embeddings_128",6,"PD","RKM",-8.09533930098747e-05
"user_embeddings_128",6,"PD","RKM",-0.000159952306857226
"user_embeddings_128",6,"PD","RKM",-0.000139314535018087
"user_embeddings_128",6,"PD","FPDC",8.11395046598329e-05
"user_embeddings_128",6,"PD","FPDC",9.80513407624145e-05
"user_embeddings_128",6,"PD","FPDC",-0.000242162396215535
"user_embeddings_128",6,"PD","FPDC",-0.000120177935919301
"user_embeddings_128",6,"PD","FPDC",-0.000244151260807732
"user_embeddings_128",6,"PD","FPDC",-0.00016342085419513
"user_embeddings_128",6,"PD","FPDC",0.000274965172249251
"user_embeddings_128",6,"PD","FPDC",-8.16748641596915e-05
"user_embeddings_128",6,"RKM","RKM",0.860089321013487
"user_embeddings_128",6,"RKM","RKM",0.824002315536004
"user_embeddings_128",6,"RKM","RKM",0.818734211353056
"user_embeddings_128",6,"RKM","FPDC",0.0895650041932463
"user_embeddings_128",6,"RKM","FPDC",0.0882460326824834
"user_embeddings_128",6,"RKM","FPDC",0.0316991512275655
"user_embeddings_128",6,"RKM","FPDC",0.038565235506787
"user_embeddings_128",6,"RKM","FPDC",0.00540501442945888
"user_embeddings_128",6,"RKM","FPDC",-0.0104459049604229
"user_embeddings_128",6,"RKM","FPDC",-0.00317916634514511
"user_embeddings_128",6,"RKM","FPDC",-0.00381306396501344
"user_embeddings_128",6,"RKM","RKM",0.896030395199301
"user_embeddings_128",6,"RKM","RKM",0.865503074684304
"user_embeddings_128",6,"RKM","FPDC",0.0970368508078565
"user_embeddings_128",6,"RKM","FPDC",0.0956428559437368
"user_embeddings_128",6,"RKM","FPDC",0.0424063877720506
"user_embeddings_128",6,"RKM","FPDC",0.040868876668091
"user_embeddings_128",6,"RKM","FPDC",0.011409029380151
"user_embeddings_128",6,"RKM","FPDC",-0.00375069427737231
"user_embeddings_128",6,"RKM","FPDC",0.0012834602881067
"user_embeddings_128",6,"RKM","FPDC",0.000145741028023686
"user_embeddings_128",6,"RKM","RKM",0.892581396900007
"user_embeddings_128",6,"RKM","FPDC",0.0907286683614528
"user_embeddings_128",6,"RKM","FPDC",0.0899458966068399
"user_embeddings_128",6,"RKM","FPDC",0.0433153622340759
"user_embeddings_128",6,"RKM","FPDC",0.0413124638384242
"user_embeddings_128",6,"RKM","FPDC",0.0125081248200274
"user_embeddings_128",6,"RKM","FPDC",-0.00624342801080014
"user_embeddings_128",6,"RKM","FPDC",-0.000768181613115425
"user_embeddings_128",6,"RKM","FPDC",-0.0013226181389669
"user_embeddings_128",6,"RKM","FPDC",0.0875956896882484
"user_embeddings_128",6,"RKM","FPDC",0.0871293283628529
"user_embeddings_128",6,"RKM","FPDC",0.0423858574038163
"user_embeddings_128",6,"RKM","FPDC",0.039975106814347
"user_embeddings_128",6,"RKM","FPDC",0.00790048705379223
"user_embeddings_128",6,"RKM","FPDC",-0.013719321105061
"user_embeddings_128",6,"RKM","FPDC",-0.0030367200739505
"user_embeddings_128",6,"RKM","FPDC",-0.00310375768998423
"user_embeddings_128",6,"FPDC","FPDC",0.860639043363144
"user_embeddings_128",6,"FPDC","FPDC",0.350774386865241
"user_embeddings_128",6,"FPDC","FPDC",0.301633847193624
"user_embeddings_128",6,"FPDC","FPDC",0.322509496140919
"user_embeddings_128",6,"FPDC","FPDC",0.295075056653944
"user_embeddings_128",6,"FPDC","FPDC",0.152080582421938
"user_embeddings_128",6,"FPDC","FPDC",0.128716154864744
"user_embeddings_128",6,"FPDC","FPDC",0.353725455010011
"user_embeddings_128",6,"FPDC","FPDC",0.304115595171401
"user_embeddings_128",6,"FPDC","FPDC",0.332022572339513
"user_embeddings_128",6,"FPDC","FPDC",0.301343901075925
"user_embeddings_128",6,"FPDC","FPDC",0.151910951436554
"user_embeddings_128",6,"FPDC","FPDC",0.129457551121068
"user_embeddings_128",6,"FPDC","FPDC",0.48864701905848
"user_embeddings_128",6,"FPDC","FPDC",0.355464477226251
"user_embeddings_128",6,"FPDC","FPDC",0.318814454547106
"user_embeddings_128",6,"FPDC","FPDC",0.184537380549148
"user_embeddings_128",6,"FPDC","FPDC",0.165210634961703
"user_embeddings_128",6,"FPDC","FPDC",0.347480745512509
"user_embeddings_128",6,"FPDC","FPDC",0.303122966421594
"user_embeddings_128",6,"FPDC","FPDC",0.153111060244869
"user_embeddings_128",6,"FPDC","FPDC",0.134600484683089
"user_embeddings_128",6,"FPDC","FPDC",0.617982860519013
"user_embeddings_128",6,"FPDC","FPDC",0.234137921829081
"user_embeddings_128",6,"FPDC","FPDC",0.210118579404462
"user_embeddings_128",6,"FPDC","FPDC",0.265536980047294
"user_embeddings_128",6,"FPDC","FPDC",0.234224762574438
"user_embeddings_128",6,"FPDC","FPDC",0.241461082316053
"user_embeddings_128",7,"KMeans","PD",-0.00032923879974938
"user_embeddings_128",7,"KMeans","RKM",0.262380979969274
"user_embeddings_128",7,"KMeans","RKM",0.283073694041671
"user_embeddings_128",7,"KMeans","RKM",0.260358081444691
"user_embeddings_128",7,"KMeans","RKM",0.264632547514375
"user_embeddings_128",7,"KMeans","FPDC",0.0950569545958033
"user_embeddings_128",7,"KMeans","FPDC",0.095480316817418
"user_embeddings_128",7,"KMeans","FPDC",0.0394735991679374
"user_embeddings_128",7,"KMeans","FPDC",0.0251463112492568
"user_embeddings_128",7,"KMeans","FPDC",0.0124838541852959
"user_embeddings_128",7,"KMeans","FPDC",0.0121000495032724
"user_embeddings_128",7,"KMeans","FPDC",0.0872416274475624
"user_embeddings_128",7,"PD","RKM",4.44182271692229e-05
"user_embeddings_128",7,"PD","RKM",-9.31822399301989e-05
"user_embeddings_128",7,"PD","RKM",-0.0002746031559972
"user_embeddings_128",7,"PD","RKM",-0.000330482801451167
"user_embeddings_128",7,"PD","FPDC",0.000435604277763805
"user_embeddings_128",7,"PD","FPDC",0.0003369183732547
"user_embeddings_128",7,"PD","FPDC",0.000148839751754412
"user_embeddings_128",7,"PD","FPDC",8.04969551261364e-05
"user_embeddings_128",7,"PD","FPDC",-0.000111974719207484
"user_embeddings_128",7,"PD","FPDC",5.22688190051575e-05
"user_embeddings_128",7,"PD","FPDC",0.000283204840082615
"user_embeddings_128",7,"RKM","RKM",0.626775639789444
"user_embeddings_128",7,"RKM","RKM",0.319044155142849
"user_embeddings_128",7,"RKM","RKM",0.313550511178898
"user_embeddings_128",7,"RKM","FPDC",0.163058400466716
"user_embeddings_128",7,"RKM","FPDC",0.167162399710517
"user_embeddings_128",7,"RKM","FPDC",0.100466964937347
"user_embeddings_128",7,"RKM","FPDC",0.137062961125642
"user_embeddings_128",7,"RKM","FPDC",0.0405520916164883
"user_embeddings_128",7,"RKM","FPDC",0.0446539210206608
"user_embeddings_128",7,"RKM","FPDC",0.147028350349329
"user_embeddings_128",7,"RKM","RKM",0.352176381066724
"user_embeddings_128",7,"RKM","RKM",0.341241842503207
"user_embeddings_128",7,"RKM","FPDC",0.146150362564377
"user_embeddings_128",7,"RKM","FPDC",0.150883297199027
"user_embeddings_128",7,"RKM","FPDC",0.0842920678099016
"user_embeddings_128",7,"RKM","FPDC",0.131550420601356
"user_embeddings_128",7,"RKM","FPDC",0.0382040536902187
"user_embeddings_128",7,"RKM","FPDC",0.0406698494755773
"user_embeddings_128",7,"RKM","FPDC",0.136424837215072
"user_embeddings_128",7,"RKM","RKM",0.814611235336603
"user_embeddings_128",7,"RKM","FPDC",0.0901819260261504
"user_embeddings_128",7,"RKM","FPDC",0.0894279386984564
"user_embeddings_128",7,"RKM","FPDC",0.0445378156378149
"user_embeddings_128",7,"RKM","FPDC",0.0319003126543392
"user_embeddings_128",7,"RKM","FPDC",0.0167573927228766
"user_embeddings_128",7,"RKM","FPDC",0.0224021348698389
"user_embeddings_128",7,"RKM","FPDC",0.0835262402270821
"user_embeddings_128",7,"RKM","FPDC",0.0869613093123106
"user_embeddings_128",7,"RKM","FPDC",0.0872700035069117
"user_embeddings_128",7,"RKM","FPDC",0.0515837066681437
"user_embeddings_128",7,"RKM","FPDC",0.0344569020505035
"user_embeddings_128",7,"RKM","FPDC",0.018969679582295
"user_embeddings_128",7,"RKM","FPDC",0.024137494683006
"user_embeddings_128",7,"RKM","FPDC",0.0810881464535374
"user_embeddings_128",7,"FPDC","FPDC",0.763333269394711
"user_embeddings_128",7,"FPDC","FPDC",0.209346917791234
"user_embeddings_128",7,"FPDC","FPDC",0.198192415350101
"user_embeddings_128",7,"FPDC","FPDC",0.0688915819082053
"user_embeddings_128",7,"FPDC","FPDC",0.0791111639337319
"user_embeddings_128",7,"FPDC","FPDC",0.686065535941359
"user_embeddings_128",7,"FPDC","FPDC",0.218232780815942
"user_embeddings_128",7,"FPDC","FPDC",0.213812452842619
"user_embeddings_128",7,"FPDC","FPDC",0.0712435046103778
"user_embeddings_128",7,"FPDC","FPDC",0.0820469734787528
"user_embeddings_128",7,"FPDC","FPDC",0.645981460011215
"user_embeddings_128",7,"FPDC","FPDC",0.484966195402535
"user_embeddings_128",7,"FPDC","FPDC",0.144371881566783
"user_embeddings_128",7,"FPDC","FPDC",0.178024181333512
"user_embeddings_128",7,"FPDC","FPDC",0.197474763154775
"user_embeddings_128",7,"FPDC","FPDC",0.152230685162778
"user_embeddings_128",7,"FPDC","FPDC",0.190071917933513
"user_embeddings_128",7,"FPDC","FPDC",0.189743093889683
"user_embeddings_128",7,"FPDC","FPDC",0.166526347551628
"user_embeddings_128",7,"FPDC","FPDC",0.0663600252273171
"user_embeddings_128",7,"FPDC","FPDC",0.0768948784143176
"user_embeddings_128",8,"KMeans","PD",-6.02599394970076e-05
"user_embeddings_128",8,"KMeans","RKM",0.349427536611403
"user_embeddings_128",8,"KMeans","RKM",0.517585745850773
"user_embeddings_128",8,"KMeans","RKM",0.494773718538
"user_embeddings_128",8,"KMeans","RKM",0.593224802869712
"user_embeddings_128",8,"KMeans","FPDC",0.10213401023177
"user_embeddings_128",8,"KMeans","FPDC",0.026090503723649
"user_embeddings_128",8,"KMeans","FPDC",0.00790969120283119
"user_embeddings_128",8,"KMeans","FPDC",0.0277709934121676
"user_embeddings_128",8,"KMeans","FPDC",0.0163862555961503
"user_embeddings_128",8,"KMeans","FPDC",0.0126003082221283
"user_embeddings_128",8,"PD","RKM",-0.000146325364793158
"user_embeddings_128",8,"PD","RKM",-3.28945823092993e-05
"user_embeddings_128",8,"PD","RKM",-0.000237582953172202
"user_embeddings_128",8,"PD","RKM",-0.000201764700865724
"user_embeddings_128",8,"PD","FPDC",-8.44156590087025e-05
"user_embeddings_128",8,"PD","FPDC",-0.00019299619503137
"user_embeddings_128",8,"PD","FPDC",0.000240442950767347
"user_embeddings_128",8,"PD","FPDC",-0.000220075294254003
"user_embeddings_128",8,"PD","FPDC",-1.6232362358352e-06
"user_embeddings_128",8,"PD","FPDC",-0.000210593118274298
"user_embeddings_128",8,"RKM","RKM",0.426623774916311
"user_embeddings_128",8,"RKM","RKM",0.474587535157345
"user_embeddings_128",8,"RKM","RKM",0.385269015054646
"user_embeddings_128",8,"RKM","FPDC",0.157067626390368
"user_embeddings_128",8,"RKM","FPDC",0.180084384728471
"user_embeddings_128",8,"RKM","FPDC",0.186628293981978
"user_embeddings_128",8,"RKM","FPDC",0.151789270220889
"user_embeddings_128",8,"RKM","FPDC",0.0702319543946052
"user_embeddings_128",8,"RKM","FPDC",0.0525498017936946
"user_embeddings_128",8,"RKM","RKM",0.503362985257624
"user_embeddings_128",8,"RKM","RKM",0.460758313101015
"user_embeddings_128",8,"RKM","FPDC",0.123075456590378
"user_embeddings_128",8,"RKM","FPDC",0.0654892752704213
"user_embeddings_128",8,"RKM","FPDC",0.0690892165634076
"user_embeddings_128",8,"RKM","FPDC",0.0980843727179334
"user_embeddings_128",8,"RKM","FPDC",0.030585730475108
"user_embeddings_128",8,"RKM","FPDC",0.0239467600936537
"user_embeddings_128",8,"RKM","RKM",0.62942856875796
"user_embeddings_128",8,"RKM","FPDC",0.134895135996192
"user_embeddings_128",8,"RKM","FPDC",0.0586977010622146
"user_embeddings_128",8,"RKM","FPDC",0.0772779554513767
"user_embeddings_128",8,"RKM","FPDC",0.0717059335728788
"user_embeddings_128",8,"RKM","FPDC",0.0384198950841213
"user_embeddings_128",8,"RKM","FPDC",0.0261417651569872
"user_embeddings_128",8,"RKM","FPDC",0.0983696222136576
"user_embeddings_128",8,"RKM","FPDC",0.0418812551974629
"user_embeddings_128",8,"RKM","FPDC",0.0251279204947452
"user_embeddings_128",8,"RKM","FPDC",0.017213956347209
"user_embeddings_128",8,"RKM","FPDC",0.0195078359191747
"user_embeddings_128",8,"RKM","FPDC",0.0125275076629041
"user_embeddings_128",8,"FPDC","FPDC",0.260000538924356
"user_embeddings_128",8,"FPDC","FPDC",0.195859618321879
"user_embeddings_128",8,"FPDC","FPDC",0.175253896955477
"user_embeddings_128",8,"FPDC","FPDC",0.0752421834531268
"user_embeddings_128",8,"FPDC","FPDC",0.0670169443830425
"user_embeddings_128",8,"FPDC","FPDC",0.286812064515777
"user_embeddings_128",8,"FPDC","FPDC",0.279444670522475
"user_embeddings_128",8,"FPDC","FPDC",0.11556257475967
"user_embeddings_128",8,"FPDC","FPDC",0.101468278538807
"user_embeddings_128",8,"FPDC","FPDC",0.499975131035455
"user_embeddings_128",8,"FPDC","FPDC",0.17440090634329
"user_embeddings_128",8,"FPDC","FPDC",0.142388160239521
"user_embeddings_128",8,"FPDC","FPDC",0.168282750394182
"user_embeddings_128",8,"FPDC","FPDC",0.144227495032522
"user_embeddings_128",8,"FPDC","FPDC",0.138223779784411
"user_embeddings_256",2,"KMeans","PD",-0.000170559680589602
"user_embeddings_256",2,"KMeans","RKM",0.975145549103248
"user_embeddings_256",2,"KMeans","RKM",0.96998496922198
"user_embeddings_256",2,"KMeans","RKM",0.970834949960232
"user_embeddings_256",2,"KMeans","RKM",0.974336601645097
"user_embeddings_256",2,"KMeans","FPDC",6.49076218015058e-06
"user_embeddings_256",2,"KMeans","FPDC",6.49076218015058e-06
"user_embeddings_256",2,"KMeans","FPDC",0.0131153601801795
"user_embeddings_256",2,"KMeans","FPDC",0.0130381015555617
"user_embeddings_256",2,"KMeans","FPDC",0.0154913228999392
"user_embeddings_256",2,"KMeans","FPDC",0.0159020181323127
"user_embeddings_256",2,"KMeans","FPDC",0.00697520741847443
"user_embeddings_256",2,"KMeans","FPDC",0.00826819532894534
"user_embeddings_256",2,"PD","RKM",-0.000169659764707262
"user_embeddings_256",2,"PD","RKM",-0.000155246166791639
"user_embeddings_256",2,"PD","RKM",-0.000186770723259213
"user_embeddings_256",2,"PD","RKM",-0.000175104776480145
"user_embeddings_256",2,"PD","FPDC",0.0476034100139394
"user_embeddings_256",2,"PD","FPDC",0.0476034100139394
"user_embeddings_256",2,"PD","FPDC",0.0131150020904439
"user_embeddings_256",2,"PD","FPDC",0.0131914363550796
"user_embeddings_256",2,"PD","FPDC",0.0142050448653734
"user_embeddings_256",2,"PD","FPDC",0.0134993648481994
"user_embeddings_256",2,"PD","FPDC",0.0165997421198603
"user_embeddings_256",2,"PD","FPDC",0.0178218259944031
"user_embeddings_256",2,"RKM","RKM",0.980600829947945
"user_embeddings_256",2,"RKM","RKM",0.983221931461594
"user_embeddings_256",2,"RKM","RKM",0.986736965940217
"user_embeddings_256",2,"RKM","FPDC",5.75152891147122e-06
"user_embeddings_256",2,"RKM","FPDC",5.75152891147122e-06
"user_embeddings_256",2,"RKM","FPDC",0.0135751980137053
"user_embeddings_256",2,"RKM","FPDC",0.013496635812033
"user_embeddings_256",2,"RKM","FPDC",0.0158231414026332
"user_embeddings_256",2,"RKM","FPDC",0.0164080216949269
"user_embeddings_256",2,"RKM","FPDC",0.00765884704095192
"user_embeddings_256",2,"RKM","FPDC",0.00863457404062224
"user_embeddings_256",2,"RKM","RKM",0.990315981426731
"user_embeddings_256",2,"RKM","RKM",0.990309957319407
"user_embeddings_256",2,"RKM","FPDC",4.68294745851637e-05
"user_embeddings_256",2,"RKM","FPDC",4.68294745851637e-05
"user_embeddings_256",2,"RKM","FPDC",0.012961902481837
"user_embeddings_256",2,"RKM","FPDC",0.0128851102403938
"user_embeddings_256",2,"RKM","FPDC",0.015324836549334
"user_embeddings_256",2,"RKM","FPDC",0.0159005737673333
"user_embeddings_256",2,"RKM","FPDC",0.00708559842214416
"user_embeddings_256",2,"RKM","FPDC",0.00814580150283296
"user_embeddings_256",2,"RKM","RKM",0.994705180799401
"user_embeddings_256",2,"RKM","FPDC",3.94833136627829e-05
"user_embeddings_256",2,"RKM","FPDC",3.94833136627829e-05
"user_embeddings_256",2,"RKM","FPDC",0.013190084443883
"user_embeddings_256",2,"RKM","FPDC",0.0131126310860537
"user_embeddings_256",2,"RKM","FPDC",0.0152428999142816
"user_embeddings_256",2,"RKM","FPDC",0.0159846397665965
"user_embeddings_256",2,"RKM","FPDC",0.00714203288420177
"user_embeddings_256",2,"RKM","FPDC",0.00796673834157643
"user_embeddings_256",2,"RKM","FPDC",-1.16111401007503e-06
"user_embeddings_256",2,"RKM","FPDC",-1.16111401007503e-06
"user_embeddings_256",2,"RKM","FPDC",0.0131902252689347
"user_embeddings_256",2,"RKM","FPDC",0.013112769590274
"user_embeddings_256",2,"RKM","FPDC",0.0154075120258674
"user_embeddings_256",2,"RKM","FPDC",0.0161531902578824
"user_embeddings_256",2,"RKM","FPDC",0.00725531816669884
"user_embeddings_256",2,"RKM","FPDC",0.00808618901725875
"user_embeddings_256",2,"FPDC","FPDC",1
"user_embeddings_256",2,"FPDC","FPDC",0.0517424591804123
"user_embeddings_256",2,"FPDC","FPDC",0.0518934647797899
"user_embeddings_256",2,"FPDC","FPDC",0.053876492586238
"user_embeddings_256",2,"FPDC","FPDC",0.0543393794907018
"user_embeddings_256",2,"FPDC","FPDC",0.0759279724019393
"user_embeddings_256",2,"FPDC","FPDC",0.0815075948794505
"user_embeddings_256",2,"FPDC","FPDC",0.0517424591804123
"user_embeddings_256",2,"FPDC","FPDC",0.0518934647797899
"user_embeddings_256",2,"FPDC","FPDC",0.053876492586238
"user_embeddings_256",2,"FPDC","FPDC",0.0543393794907018
"user_embeddings_256",2,"FPDC","FPDC",0.0759279724019393
"user_embeddings_256",2,"FPDC","FPDC",0.0815075948794505
"user_embeddings_256",2,"FPDC","FPDC",0.99536884412866
"user_embeddings_256",2,"FPDC","FPDC",0.744578117512722
"user_embeddings_256",2,"FPDC","FPDC",0.742864422484284
"user_embeddings_256",2,"FPDC","FPDC",0.519560923885175
"user_embeddings_256",2,"FPDC","FPDC",0.533983730186122
"user_embeddings_256",2,"FPDC","FPDC",0.744006666460877
"user_embeddings_256",2,"FPDC","FPDC",0.743435435060445
"user_embeddings_256",2,"FPDC","FPDC",0.519083563302074
"user_embeddings_256",2,"FPDC","FPDC",0.535436867795458
"user_embeddings_256",2,"FPDC","FPDC",0.892444034528822
"user_embeddings_256",2,"FPDC","FPDC",0.554507283841155
"user_embeddings_256",2,"FPDC","FPDC",0.570403954040831
"user_embeddings_256",2,"FPDC","FPDC",0.55796549051648
"user_embeddings_256",2,"FPDC","FPDC",0.577932831805558
"user_embeddings_256",2,"FPDC","FPDC",0.623096224334003
"user_embeddings_256",3,"KMeans","PD",-0.000931523587462565
"user_embeddings_256",3,"KMeans","RKM",0.88167133901148
"user_embeddings_256",3,"KMeans","RKM",0.888973401010993
"user_embeddings_256",3,"KMeans","RKM",0.923344566813316
"user_embeddings_256",3,"KMeans","RKM",0.980065080006585
"user_embeddings_256",3,"KMeans","FPDC",0.081211295503709
"user_embeddings_256",3,"KMeans","FPDC",0.081211295503709
"user_embeddings_256",3,"KMeans","FPDC",0.0472920535212504
"user_embeddings_256",3,"KMeans","FPDC",0.0531665351501904
"user_embeddings_256",3,"KMeans","FPDC",0.0246236979872295
"user_embeddings_256",3,"KMeans","FPDC",0.0556908115411343
"user_embeddings_256",3,"KMeans","FPDC",0.0423436025837476
"user_embeddings_256",3,"KMeans","FPDC",0.0346088121012708
"user_embeddings_256",3,"PD","RKM",-0.000888642731918488
"user_embeddings_256",3,"PD","RKM",-0.000848694323212019
"user_embeddings_256",3,"PD","RKM",-0.000938634232561681
"user_embeddings_256",3,"PD","RKM",-0.000982110851931261
"user_embeddings_256",3,"PD","FPDC",0.00990781658751213
"user_embeddings_256",3,"PD","FPDC",0.00990781658751213
"user_embeddings_256",3,"PD","FPDC",0.00708087271207846
"user_embeddings_256",3,"PD","FPDC",0.0103686911956769
"user_embeddings_256",3,"PD","FPDC",0.00484608799640438
"user_embeddings_256",3,"PD","FPDC",0.00811758027741474
"user_embeddings_256",3,"PD","FPDC",0.00418505502559715
"user_embeddings_256",3,"PD","FPDC",0.00413443454456316
"user_embeddings_256",3,"RKM","RKM",0.968902362442215
"user_embeddings_256",3,"RKM","RKM",0.92082339248296
"user_embeddings_256",3,"RKM","RKM",0.886220886987432
"user_embeddings_256",3,"RKM","FPDC",0.0864934798732497
"user_embeddings_256",3,"RKM","FPDC",0.0864934798732497
"user_embeddings_256",3,"RKM","FPDC",0.0464110716144254
"user_embeddings_256",3,"RKM","FPDC",0.0638942854966847
"user_embeddings_256",3,"RKM","FPDC",0.031412821408097
"user_embeddings_256",3,"RKM","FPDC",0.0627931373517313
"user_embeddings_256",3,"RKM","FPDC",0.053061114200767
"user_embeddings_256",3,"RKM","FPDC",0.0402222726946225
"user_embeddings_256",3,"RKM","RKM",0.924292837038582
"user_embeddings_256",3,"RKM","RKM",0.894774334504466
"user_embeddings_256",3,"RKM","FPDC",0.0911651126804335
"user_embeddings_256",3,"RKM","FPDC",0.0911651126804335
"user_embeddings_256",3,"RKM","FPDC",0.047499160311699
"user_embeddings_256",3,"RKM","FPDC",0.0662206678482329
"user_embeddings_256",3,"RKM","FPDC",0.0314291796883603
"user_embeddings_256",3,"RKM","FPDC",0.0653233670287017
"user_embeddings_256",3,"RKM","FPDC",0.0538048872700395
"user_embeddings_256",3,"RKM","FPDC",0.0408951602236684
"user_embeddings_256",3,"RKM","RKM",0.930321387063209
"user_embeddings_256",3,"RKM","FPDC",0.0873477664382452
"user_embeddings_256",3,"RKM","FPDC",0.0873477664382452
"user_embeddings_256",3,"RKM","FPDC",0.0463293566123049
"user_embeddings_256",3,"RKM","FPDC",0.0593088178021636
"user_embeddings_256",3,"RKM","FPDC",0.0274199184484791
"user_embeddings_256",3,"RKM","FPDC",0.0586979141935658
"user_embeddings_256",3,"RKM","FPDC",0.0457834223937202
"user_embeddings_256",3,"RKM","FPDC",0.035902336638324
"user_embeddings_256",3,"RKM","FPDC",0.0824872958239182
"user_embeddings_256",3,"RKM","FPDC",0.0824872958239182
"user_embeddings_256",3,"RKM","FPDC",0.0471805013794278
"user_embeddings_256",3,"RKM","FPDC",0.0541582552529448
"user_embeddings_256",3,"RKM","FPDC",0.0251254886957791
"user_embeddings_256",3,"RKM","FPDC",0.0561364595343495
"user_embeddings_256",3,"RKM","FPDC",0.0428271853507362
"user_embeddings_256",3,"RKM","FPDC",0.034481447817831
"user_embeddings_256",3,"FPDC","FPDC",1
"user_embeddings_256",3,"FPDC","FPDC",0.353244794468235
"user_embeddings_256",3,"FPDC","FPDC",0.428836785489226
"user_embeddings_256",3,"FPDC","FPDC",0.234520889450603
"user_embeddings_256",3,"FPDC","FPDC",0.36679850997937
"user_embeddings_256",3,"FPDC","FPDC",0.215333924579342
"user_embeddings_256",3,"FPDC","FPDC",0.156374277280111
"user_embeddings_256",3,"FPDC","FPDC",0.353244794468235
"user_embeddings_256",3,"FPDC","FPDC",0.428836785489226
"user_embeddings_256",3,"FPDC","FPDC",0.234520889450603
"user_embeddings_256",3,"FPDC","FPDC",0.36679850997937
"user_embeddings_256",3,"FPDC","FPDC",0.215333924579342
"user_embeddings_256",3,"FPDC","FPDC",0.156374277280111
"user_embeddings_256",3,"FPDC","FPDC",0.245085896704213
"user_embeddings_256",3,"FPDC","FPDC",0.222424856009876
"user_embeddings_256",3,"FPDC","FPDC",0.249296846394183
"user_embeddings_256",3,"FPDC","FPDC",0.193620871413825
"user_embeddings_256",3,"FPDC","FPDC",0.200162877726492
"user_embeddings_256",3,"FPDC","FPDC",0.309576407990186
"user_embeddings_256",3,"FPDC","FPDC",0.370177511777177
"user_embeddings_256",3,"FPDC","FPDC",0.373809488147949
"user_embeddings_256",3,"FPDC","FPDC",0.182385780604306
"user_embeddings_256",3,"FPDC","FPDC",0.3906641130798
"user_embeddings_256",3,"FPDC","FPDC",0.470746085499335
"user_embeddings_256",3,"FPDC","FPDC",0.485406960697631
"user_embeddings_256",3,"FPDC","FPDC",0.33816442239178
"user_embeddings_256",3,"FPDC","FPDC",0.287307591538928
"user_embeddings_256",3,"FPDC","FPDC",0.345896988748937
"user_embeddings_256",4,"KMeans","PD",0.00471280761966157
"user_embeddings_256",4,"KMeans","RKM",0.718126907198835
"user_embeddings_256",4,"KMeans","RKM",0.751861550785325
"user_embeddings_256",4,"KMeans","RKM",0.78572353419345
"user_embeddings_256",4,"KMeans","RKM",0.85450455991989
"user_embeddings_256",4,"KMeans","FPDC",0.0602722259209182
"user_embeddings_256",4,"KMeans","FPDC",0.0602722259209182
"user_embeddings_256",4,"KMeans","FPDC",0.155562544203004
"user_embeddings_256",4,"KMeans","FPDC",0.138553095316378
"user_embeddings_256",4,"KMeans","FPDC",0.268048979928466
"user_embeddings_256",4,"KMeans","FPDC",0.32066764892378
"user_embeddings_256",4,"KMeans","FPDC",0.146904800322814
"user_embeddings_256",4,"KMeans","FPDC",0.262423367798704
"user_embeddings_256",4,"PD","RKM",0.00364752862438233
"user_embeddings_256",4,"PD","RKM",0.00354583073763578
"user_embeddings_256",4,"PD","RKM",0.00310048507908582
"user_embeddings_256",4,"PD","RKM",0.00440525789461182
"user_embeddings_256",4,"PD","FPDC",0.0281273312703532
"user_embeddings_256",4,"PD","FPDC",0.0281273312703532
"user_embeddings_256",4,"PD","FPDC",0.0266841227226833
"user_embeddings_256",4,"PD","FPDC",0.0276645058752792
"user_embeddings_256",4,"PD","FPDC",0.0206125344967803
"user_embeddings_256",4,"PD","FPDC",0.0196868951559743
"user_embeddings_256",4,"PD","FPDC",0.0286396362661316
"user_embeddings_256",4,"PD","FPDC",0.0227934319387488
"user_embeddings_256",4,"RKM","RKM",0.765240304195937
"user_embeddings_256",4,"RKM","RKM",0.726923575490315
"user_embeddings_256",4,"RKM","RKM",0.724773129940985
"user_embeddings_256",4,"RKM","FPDC",0.0495363359514441
"user_embeddings_256",4,"RKM","FPDC",0.0495363359514441
"user_embeddings_256",4,"RKM","FPDC",0.118772800673665
"user_embeddings_256",4,"RKM","FPDC",0.091543630830988
"user_embeddings_256",4,"RKM","FPDC",0.237644762762118
"user_embeddings_256",4,"RKM","FPDC",0.224653959919604
"user_embeddings_256",4,"RKM","FPDC",0.117561160161598
"user_embeddings_256",4,"RKM","FPDC",0.23068909898322
"user_embeddings_256",4,"RKM","RKM",0.761849181606924
"user_embeddings_256",4,"RKM","RKM",0.786215337628123
"user_embeddings_256",4,"RKM","FPDC",0.0495646916379824
"user_embeddings_256",4,"RKM","FPDC",0.0495646916379824
"user_embeddings_256",4,"RKM","FPDC",0.130643137454812
"user_embeddings_256",4,"RKM","FPDC",0.0841987008416805
"user_embeddings_256",4,"RKM","FPDC",0.239287866309643
"user_embeddings_256",4,"RKM","FPDC",0.213534235086767
"user_embeddings_256",4,"RKM","FPDC",0.11338049204155
"user_embeddings_256",4,"RKM","FPDC",0.22322041682818
"user_embeddings_256",4,"RKM","RKM",0.72500094911574
"user_embeddings_256",4,"RKM","FPDC",0.0516765386908817
"user_embeddings_256",4,"RKM","FPDC",0.0516765386908817
"user_embeddings_256",4,"RKM","FPDC",0.164644914073163
"user_embeddings_256",4,"RKM","FPDC",0.105650120717182
"user_embeddings_256",4,"RKM","FPDC",0.286485144588799
"user_embeddings_256",4,"RKM","FPDC",0.237959409366201
"user_embeddings_256",4,"RKM","FPDC",0.123474817975366
"user_embeddings_256",4,"RKM","FPDC",0.233602455487168
"user_embeddings_256",4,"RKM","FPDC",0.0493311761694289
"user_embeddings_256",4,"RKM","FPDC",0.0493311761694289
"user_embeddings_256",4,"RKM","FPDC",0.142837470549756
"user_embeddings_256",4,"RKM","FPDC",0.117010570712165
"user_embeddings_256",4,"RKM","FPDC",0.236784654546082
"user_embeddings_256",4,"RKM","FPDC",0.291596423209749
"user_embeddings_256",4,"RKM","FPDC",0.125004153094366
"user_embeddings_256",4,"RKM","FPDC",0.249694421576664
"user_embeddings_256",4,"FPDC","FPDC",1
"user_embeddings_256",4,"FPDC","FPDC",0.35315066340984
"user_embeddings_256",4,"FPDC","FPDC",0.368411245323126
"user_embeddings_256",4,"FPDC","FPDC",0.243929976481655
"user_embeddings_256",4,"FPDC","FPDC",0.186351638526207
"user_embeddings_256",4,"FPDC","FPDC",0.239304146274541
"user_embeddings_256",4,"FPDC","FPDC",0.181756723837287
"user_embeddings_256",4,"FPDC","FPDC",0.35315066340984
"user_embeddings_256",4,"FPDC","FPDC",0.368411245323126
"user_embeddings_256",4,"FPDC","FPDC",0.243929976481655
"user_embeddings_256",4,"FPDC","FPDC",0.186351638526207
"user_embeddings_256",4,"FPDC","FPDC",0.239304146274541
"user_embeddings_256",4,"FPDC","FPDC",0.181756723837287
"user_embeddings_256",4,"FPDC","FPDC",0.353260840909146
"user_embeddings_256",4,"FPDC","FPDC",0.313746470291218
"user_embeddings_256",4,"FPDC","FPDC",0.221098134602765
"user_embeddings_256",4,"FPDC","FPDC",0.207872952851109
"user_embeddings_256",4,"FPDC","FPDC",0.209430507485684
"user_embeddings_256",4,"FPDC","FPDC",0.293623709922086
"user_embeddings_256",4,"FPDC","FPDC",0.379414241714553
"user_embeddings_256",4,"FPDC","FPDC",0.312660985437286
"user_embeddings_256",4,"FPDC","FPDC",0.266800274933924
"user_embeddings_256",4,"FPDC","FPDC",0.42265553281816
"user_embeddings_256",4,"FPDC","FPDC",0.283728275171819
"user_embeddings_256",4,"FPDC","FPDC",0.422911959889908
"user_embeddings_256",4,"FPDC","FPDC",0.342387347110011
"user_embeddings_256",4,"FPDC","FPDC",0.407619914858906
"user_embeddings_256",4,"FPDC","FPDC",0.284595098951722
"user_embeddings_256",5,"KMeans","PD",0.0010883724047494
"user_embeddings_256",5,"KMeans","RKM",0.236546310818167
"user_embeddings_256",5,"KMeans","RKM",0.707305313910944
"user_embeddings_256",5,"KMeans","RKM",0.67081794900922
"user_embeddings_256",5,"KMeans","RKM",0.741973994000851
"user_embeddings_256",5,"KMeans","FPDC",0.0411703775103899
"user_embeddings_256",5,"KMeans","FPDC",0.0408938540629067
"user_embeddings_256",5,"KMeans","FPDC",0.096490808177287
"user_embeddings_256",5,"KMeans","FPDC",0.0854891488658183
"user_embeddings_256",5,"KMeans","FPDC",0.0917161755093356
"user_embeddings_256",5,"KMeans","FPDC",0.207361286955472
"user_embeddings_256",5,"KMeans","FPDC",0.0867514589637703
"user_embeddings_256",5,"KMeans","FPDC",0.107184631100641
"user_embeddings_256",5,"PD","RKM",0.0010069869484858
"user_embeddings_256",5,"PD","RKM",0.00146082998756241
"user_embeddings_256",5,"PD","RKM",0.00224890544044459
"user_embeddings_256",5,"PD","RKM",0.000920168992565104
"user_embeddings_256",5,"PD","FPDC",0.0136703655965613
"user_embeddings_256",5,"PD","FPDC",0.0137411971853194
"user_embeddings_256",5,"PD","FPDC",0.0144717988328104
"user_embeddings_256",5,"PD","FPDC",0.0117724186195343
"user_embeddings_256",5,"PD","FPDC",0.0156099928222383
"user_embeddings_256",5,"PD","FPDC",0.0110587917836452
"user_embeddings_256",5,"PD","FPDC",0.0126776679356853
"user_embeddings_256",5,"PD","FPDC",0.00829427013360478
"user_embeddings_256",5,"RKM","RKM",0.250053269026063
"user_embeddings_256",5,"RKM","RKM",0.215581355521321
"user_embeddings_256",5,"RKM","RKM",0.242662199560465
"user_embeddings_256",5,"RKM","FPDC",0.0655894789064935
"user_embeddings_256",5,"RKM","FPDC",0.0655968231269634
"user_embeddings_256",5,"RKM","FPDC",0.0770946869663382
"user_embeddings_256",5,"RKM","FPDC",0.0469934095751757
"user_embeddings_256",5,"RKM","FPDC",0.0446998445878273
"user_embeddings_256",5,"RKM","FPDC",0.0885773679944029
"user_embeddings_256",5,"RKM","FPDC",0.044664606678107
"user_embeddings_256",5,"RKM","FPDC",0.0361023494948975
"user_embeddings_256",5,"RKM","RKM",0.711651507070242
"user_embeddings_256",5,"RKM","RKM",0.786142916050786
"user_embeddings_256",5,"RKM","FPDC",0.0484699257129178
"user_embeddings_256",5,"RKM","FPDC",0.0480974718726397
"user_embeddings_256",5,"RKM","FPDC",0.120454604391386
"user_embeddings_256",5,"RKM","FPDC",0.10175714181354
"user_embeddings_256",5,"RKM","FPDC",0.109050889176209
"user_embeddings_256",5,"RKM","FPDC",0.233813796242595
"user_embeddings_256",5,"RKM","FPDC",0.0997202389628964
"user_embeddings_256",5,"RKM","FPDC",0.117701757946684
"user_embeddings_256",5,"RKM","RKM",0.705379923900766
"user_embeddings_256",5,"RKM","FPDC",0.0449403905850873
"user_embeddings_256",5,"RKM","FPDC",0.0444624062096111
"user_embeddings_256",5,"RKM","FPDC",0.0832922328262666
"user_embeddings_256",5,"RKM","FPDC",0.0961735197959928
"user_embeddings_256",5,"RKM","FPDC",0.120778141204553
"user_embeddings_256",5,"RKM","FPDC",0.230755334459629
"user_embeddings_256",5,"RKM","FPDC",0.110015301835894
"user_embeddings_256",5,"RKM","FPDC",0.113210762767304
"user_embeddings_256",5,"RKM","FPDC",0.0357303827339906
"user_embeddings_256",5,"RKM","FPDC",0.0356431838361954
"user_embeddings_256",5,"RKM","FPDC",0.0901607917605912
"user_embeddings_256",5,"RKM","FPDC",0.0782534027569282
"user_embeddings_256",5,"RKM","FPDC",0.0964512757292591
"user_embeddings_256",5,"RKM","FPDC",0.212157944903035
"user_embeddings_256",5,"RKM","FPDC",0.0952387166599401
"user_embeddings_256",5,"RKM","FPDC",0.11224030288819
"user_embeddings_256",5,"FPDC","FPDC",0.989024899234898
"user_embeddings_256",5,"FPDC","FPDC",0.340863354027879
"user_embeddings_256",5,"FPDC","FPDC",0.297113383925697
"user_embeddings_256",5,"FPDC","FPDC",0.235638652159772
"user_embeddings_256",5,"FPDC","FPDC",0.148778550996074
"user_embeddings_256",5,"FPDC","FPDC",0.162199793581708
"user_embeddings_256",5,"FPDC","FPDC",0.101755798666169
"user_embeddings_256",5,"FPDC","FPDC",0.340324688181171
"user_embeddings_256",5,"FPDC","FPDC",0.297380324277799
"user_embeddings_256",5,"FPDC","FPDC",0.235945632215036
"user_embeddings_256",5,"FPDC","FPDC",0.148762462530742
"user_embeddings_256",5,"FPDC","FPDC",0.161724353968802
"user_embeddings_256",5,"FPDC","FPDC",0.101470847355201
"user_embeddings_256",5,"FPDC","FPDC",0.279586748948882
"user_embeddings_256",5,"FPDC","FPDC",0.214064385251782
"user_embeddings_256",5,"FPDC","FPDC",0.180931401169169
"user_embeddings_256",5,"FPDC","FPDC",0.16420431123196
"user_embeddings_256",5,"FPDC","FPDC",0.114495445004966
"user_embeddings_256",5,"FPDC","FPDC",0.263370325470808
"user_embeddings_256",5,"FPDC","FPDC",0.249785344856167
"user_embeddings_256",5,"FPDC","FPDC",0.175048026172936
"user_embeddings_256",5,"FPDC","FPDC",0.145671523381692
"user_embeddings_256",5,"FPDC","FPDC",0.343698228555663
"user_embeddings_256",5,"FPDC","FPDC",0.413143482864022
"user_embeddings_256",5,"FPDC","FPDC",0.234554298228217
"user_embeddings_256",5,"FPDC","FPDC",0.234309968955255
"user_embeddings_256",5,"FPDC","FPDC",0.229765251564441
"user_embeddings_256",5,"FPDC","FPDC",0.213929212397113
"user_embeddings_256",6,"KMeans","PD",0.00260395022892824
"user_embeddings_256",6,"KMeans","RKM",0.1397896661674
"user_embeddings_256",6,"KMeans","RKM",0.213654810816429
"user_embeddings_256",6,"KMeans","RKM",0.253197518513407
"user_embeddings_256",6,"KMeans","RKM",0.364664782133615
"user_embeddings_256",6,"KMeans","FPDC",0.0254677148583858
"user_embeddings_256",6,"KMeans","FPDC",0.0283474603559871
"user_embeddings_256",6,"KMeans","FPDC",0.0865822193727666
"user_embeddings_256",6,"KMeans","FPDC",0.0648747152982045
"user_embeddings_256",6,"KMeans","FPDC",0.0724025421944069
"user_embeddings_256",6,"KMeans","FPDC",0.0663643452868258
"user_embeddings_256",6,"KMeans","FPDC",0.0685369016364309
"user_embeddings_256",6,"KMeans","FPDC",0.0416649299902527
"user_embeddings_256",6,"PD","RKM",0.00223942816865
"user_embeddings_256",6,"PD","RKM",0.000770541487791816
"user_embeddings_256",6,"PD","RKM",0.000846541409208789
"user_embeddings_256",6,"PD","RKM",0.00134148966605742
"user_embeddings_256",6,"PD","FPDC",0.0186694437063205
"user_embeddings_256",6,"PD","FPDC",0.0176806841588867
"user_embeddings_256",6,"PD","FPDC",0.0151805456067224
"user_embeddings_256",6,"PD","FPDC",0.017985344188326
"user_embeddings_256",6,"PD","FPDC",0.0160989635104721
"user_embeddings_256",6,"PD","FPDC",0.0218113261739963
"user_embeddings_256",6,"PD","FPDC",0.017907885823763
"user_embeddings_256",6,"PD","FPDC",0.013495046043902
"user_embeddings_256",6,"RKM","RKM",0.477516495293582
"user_embeddings_256",6,"RKM","RKM",0.150591301605297
"user_embeddings_256",6,"RKM","RKM",0.186637536299813
"user_embeddings_256",6,"RKM","FPDC",0.0638647694829743
"user_embeddings_256",6,"RKM","FPDC",0.0607012226968483
"user_embeddings_256",6,"RKM","FPDC",0.048704118903366
"user_embeddings_256",6,"RKM","FPDC",0.0632503153295973
"user_embeddings_256",6,"RKM","FPDC",0.0513618782706367
"user_embeddings_256",6,"RKM","FPDC",0.0441150135190212
"user_embeddings_256",6,"RKM","FPDC",0.0317059975710687
"user_embeddings_256",6,"RKM","FPDC",0.0217258608360659
"user_embeddings_256",6,"RKM","RKM",0.194289459207278
"user_embeddings_256",6,"RKM","RKM",0.274141450870536
"user_embeddings_256",6,"RKM","FPDC",0.0413033496774908
"user_embeddings_256",6,"RKM","FPDC",0.0412041828113363
"user_embeddings_256",6,"RKM","FPDC",0.0503453451702088
"user_embeddings_256",6,"RKM","FPDC",0.049360142009219
"user_embeddings_256",6,"RKM","FPDC",0.0697784650500302
"user_embeddings_256",6,"RKM","FPDC",0.0569671711131754
"user_embeddings_256",6,"RKM","FPDC",0.0300398988540569
"user_embeddings_256",6,"RKM","FPDC",0.029088264840595
"user_embeddings_256",6,"RKM","RKM",0.450825175402801
"user_embeddings_256",6,"RKM","FPDC",0.0220558694213781
"user_embeddings_256",6,"RKM","FPDC",0.0212990036713042
"user_embeddings_256",6,"RKM","FPDC",0.0909244451600133
"user_embeddings_256",6,"RKM","FPDC",0.0323906565570524
"user_embeddings_256",6,"RKM","FPDC",0.0877931727969632
"user_embeddings_256",6,"RKM","FPDC",0.0478433531494523
"user_embeddings_256",6,"RKM","FPDC",0.0672030577412369
"user_embeddings_256",6,"RKM","FPDC",0.0548711856686458
"user_embeddings_256",6,"RKM","FPDC",0.0251927806870878
"user_embeddings_256",6,"RKM","FPDC",0.024646875557654
"user_embeddings_256",6,"RKM","FPDC",0.0670620104859822
"user_embeddings_256",6,"RKM","FPDC",0.0292981985755271
"user_embeddings_256",6,"RKM","FPDC",0.0629367570752907
"user_embeddings_256",6,"RKM","FPDC",0.0509932285425739
"user_embeddings_256",6,"RKM","FPDC",0.061601462083178
"user_embeddings_256",6,"RKM","FPDC",0.0457369795583853
"user_embeddings_256",6,"FPDC","FPDC",0.736439324159741
"user_embeddings_256",6,"FPDC","FPDC",0.238544606899814
"user_embeddings_256",6,"FPDC","FPDC",0.276170300365756
"user_embeddings_256",6,"FPDC","FPDC",0.172514932730411
"user_embeddings_256",6,"FPDC","FPDC",0.243311414811358
"user_embeddings_256",6,"FPDC","FPDC",0.116920446467757
"user_embeddings_256",6,"FPDC","FPDC",0.0959030145351448
"user_embeddings_256",6,"FPDC","FPDC",0.240556666190462
"user_embeddings_256",6,"FPDC","FPDC",0.269451794125907
"user_embeddings_256",6,"FPDC","FPDC",0.177412842761026
"user_embeddings_256",6,"FPDC","FPDC",0.243253832470664
"user_embeddings_256",6,"FPDC","FPDC",0.123535108367358
"user_embeddings_256",6,"FPDC","FPDC",0.0990777445332375
"user_embeddings_256",6,"FPDC","FPDC",0.241558965667854
"user_embeddings_256",6,"FPDC","FPDC",0.176792173489643
"user_embeddings_256",6,"FPDC","FPDC",0.241049391711263
"user_embeddings_256",6,"FPDC","FPDC",0.173523910514816
"user_embeddings_256",6,"FPDC","FPDC",0.104269278122273
"user_embeddings_256",6,"FPDC","FPDC",0.191863267613604
"user_embeddings_256",6,"FPDC","FPDC",0.239563840042246
"user_embeddings_256",6,"FPDC","FPDC",0.126415773440259
"user_embeddings_256",6,"FPDC","FPDC",0.0946494313853643
"user_embeddings_256",6,"FPDC","FPDC",0.303542923614039
"user_embeddings_256",6,"FPDC","FPDC",0.167075610141576
"user_embeddings_256",6,"FPDC","FPDC",0.203575484690406
"user_embeddings_256",6,"FPDC","FPDC",0.12329278952822
"user_embeddings_256",6,"FPDC","FPDC",0.132075909974865
"user_embeddings_256",6,"FPDC","FPDC",0.126393106253941
"user_embeddings_256",7,"KMeans","PD",0.0014274739759557
"user_embeddings_256",7,"KMeans","RKM",0.260394198000106
"user_embeddings_256",7,"KMeans","RKM",0.446969384566686
"user_embeddings_256",7,"KMeans","RKM",0.589085511806623
"user_embeddings_256",7,"KMeans","RKM",0.644735187894116
"user_embeddings_256",7,"KMeans","FPDC",0.0207971790510237
"user_embeddings_256",7,"KMeans","FPDC",0.021433507736034
"user_embeddings_256",7,"KMeans","FPDC",0.0202184173921969
"user_embeddings_256",7,"KMeans","FPDC",0.0525925957323701
"user_embeddings_256",7,"KMeans","FPDC",0.0595744340339863
"user_embeddings_256",7,"KMeans","FPDC",0.0356270744479362
"user_embeddings_256",7,"PD","RKM",0.0122594852723929
"user_embeddings_256",7,"PD","RKM",0.00152887411337155
"user_embeddings_256",7,"PD","RKM",0.00198798453625611
"user_embeddings_256",7,"PD","RKM",0.00177006755265175
"user_embeddings_256",7,"PD","FPDC",0.0116748404313513
"user_embeddings_256",7,"PD","FPDC",0.01613379974843
"user_embeddings_256",7,"PD","FPDC",0.0122031226749932
"user_embeddings_256",7,"PD","FPDC",0.0165598306448124
"user_embeddings_256",7,"PD","FPDC",0.0134663926624501
"user_embeddings_256",7,"PD","FPDC",0.0192226040973985
"user_embeddings_256",7,"RKM","RKM",0.223806386870546
"user_embeddings_256",7,"RKM","RKM",0.234674821587927
"user_embeddings_256",7,"RKM","RKM",0.221961353583771
"user_embeddings_256",7,"RKM","FPDC",0.128897900488256
"user_embeddings_256",7,"RKM","FPDC",0.111500673061209
"user_embeddings_256",7,"RKM","FPDC",0.143986909115766
"user_embeddings_256",7,"RKM","FPDC",0.184569434323986
"user_embeddings_256",7,"RKM","FPDC",0.0784904262032389
"user_embeddings_256",7,"RKM","FPDC",0.136439443584736
"user_embeddings_256",7,"RKM","RKM",0.50185043204692
"user_embeddings_256",7,"RKM","RKM",0.444223492751409
"user_embeddings_256",7,"RKM","FPDC",0.0661040339900815
"user_embeddings_256",7,"RKM","FPDC",0.0569133250394366
"user_embeddings_256",7,"RKM","FPDC",0.0360739582642157
"user_embeddings_256",7,"RKM","FPDC",0.055953046175784
"user_embeddings_256",7,"RKM","FPDC",0.0715471877990012
"user_embeddings_256",7,"RKM","FPDC",0.0507514196049282
"user_embeddings_256",7,"RKM","RKM",0.631395509608118
"user_embeddings_256",7,"RKM","FPDC",0.0210200295026335
"user_embeddings_256",7,"RKM","FPDC",0.0197938379987796
"user_embeddings_256",7,"RKM","FPDC",0.0182294032555177
"user_embeddings_256",7,"RKM","FPDC",0.049643513916962
"user_embeddings_256",7,"RKM","FPDC",0.0501264955633788
"user_embeddings_256",7,"RKM","FPDC",0.0426994601382585
"user_embeddings_256",7,"RKM","FPDC",0.0274050711396633
"user_embeddings_256",7,"RKM","FPDC",0.0218975613719616
"user_embeddings_256",7,"RKM","FPDC",0.0179934494982252
"user_embeddings_256",7,"RKM","FPDC",0.0497127840666516
"user_embeddings_256",7,"RKM","FPDC",0.050457461829527
"user_embeddings_256",7,"RKM","FPDC",0.0418888884352967
"user_embeddings_256",7,"FPDC","FPDC",0.321475634996711
"user_embeddings_256",7,"FPDC","FPDC",0.244683090497922
"user_embeddings_256",7,"FPDC","FPDC",0.265880698106395
"user_embeddings_256",7,"FPDC","FPDC",0.160435117331531
"user_embeddings_256",7,"FPDC","FPDC",0.149259367646951
"user_embeddings_256",7,"FPDC","FPDC",0.26936091692693
"user_embeddings_256",7,"FPDC","FPDC",0.309717876966328
"user_embeddings_256",7,"FPDC","FPDC",0.214454327296668
"user_embeddings_256",7,"FPDC","FPDC",0.179713263671306
"user_embeddings_256",7,"FPDC","FPDC",0.311616997867258
"user_embeddings_256",7,"FPDC","FPDC",0.17511906216604
"user_embeddings_256",7,"FPDC","FPDC",0.161848384601365
"user_embeddings_256",7,"FPDC","FPDC",0.2408732414672
"user_embeddings_256",7,"FPDC","FPDC",0.285143548440699
"user_embeddings_256",7,"FPDC","FPDC",0.140730861375657
"user_embeddings_256",8,"KMeans","PD",0.00594576057115406
"user_embeddings_256",8,"KMeans","RKM",0.175997316028978
"user_embeddings_256",8,"KMeans","RKM",0.38218563294687
"user_embeddings_256",8,"KMeans","RKM",0.468413400227826
"user_embeddings_256",8,"KMeans","RKM",0.411139067092616
"user_embeddings_256",8,"KMeans","FPDC",0.0572538427627888
"user_embeddings_256",8,"KMeans","FPDC",0.0304123826158872
"user_embeddings_256",8,"KMeans","FPDC",0.0253155783881754
"user_embeddings_256",8,"KMeans","FPDC",0.0566835881969801
"user_embeddings_256",8,"KMeans","FPDC",0.0384694613120189
"user_embeddings_256",8,"KMeans","FPDC",0.0362120532500423
"user_embeddings_256",8,"KMeans","FPDC",0.0408396247272262
"user_embeddings_256",8,"PD","RKM",0.0145009901095579
"user_embeddings_256",8,"PD","RKM",0.00341988684994493
"user_embeddings_256",8,"PD","RKM",0.00336513562000676
"user_embeddings_256",8,"PD","RKM",0.00325319243812646
"user_embeddings_256",8,"PD","FPDC",0.021085598319566
"user_embeddings_256",8,"PD","FPDC",0.0136611101976251
"user_embeddings_256",8,"PD","FPDC",0.0142149663717093
"user_embeddings_256",8,"PD","FPDC",0.0183503695457795
"user_embeddings_256",8,"PD","FPDC",0.0232609302521357
"user_embeddings_256",8,"PD","FPDC",0.0210750484792651
"user_embeddings_256",8,"PD","FPDC",0.0169080990738567
"user_embeddings_256",8,"RKM","RKM",0.257077670018841
"user_embeddings_256",8,"RKM","RKM",0.207606420842233
"user_embeddings_256",8,"RKM","RKM",0.18639787198638
"user_embeddings_256",8,"RKM","FPDC",0.203446718396252
"user_embeddings_256",8,"RKM","FPDC",0.129864571714669
"user_embeddings_256",8,"RKM","FPDC",0.16654807254083
"user_embeddings_256",8,"RKM","FPDC",0.200199373153462
"user_embeddings_256",8,"RKM","FPDC",0.256238887151613
"user_embeddings_256",8,"RKM","FPDC",0.156332885157951
"user_embeddings_256",8,"RKM","FPDC",0.167805532201363
"user_embeddings_256",8,"RKM","RKM",0.524006731066688
"user_embeddings_256",8,"RKM","RKM",0.405933060690883
"user_embeddings_256",8,"RKM","FPDC",0.0528086485827841
"user_embeddings_256",8,"RKM","FPDC",0.0455232545537017
"user_embeddings_256",8,"RKM","FPDC",0.0184036225553991
"user_embeddings_256",8,"RKM","FPDC",0.0556387173217407
"user_embeddings_256",8,"RKM","FPDC",0.0477521680997469
"user_embeddings_256",8,"RKM","FPDC",0.0429074686481577
"user_embeddings_256",8,"RKM","FPDC",0.0392696356681074
"user_embeddings_256",8,"RKM","RKM",0.518678889148425
"user_embeddings_256",8,"RKM","FPDC",0.0433877848945149
"user_embeddings_256",8,"RKM","FPDC",0.0385461808843738
"user_embeddings_256",8,"RKM","FPDC",0.0145202436848116
"user_embeddings_256",8,"RKM","FPDC",0.0495799025442578
"user_embeddings_256",8,"RKM","FPDC",0.0191780448207301
"user_embeddings_256",8,"RKM","FPDC",0.034502019765922
"user_embeddings_256",8,"RKM","FPDC",0.0407542370891208
"user_embeddings_256",8,"RKM","FPDC",0.0344000275223043
"user_embeddings_256",8,"RKM","FPDC",0.0384699101039451
"user_embeddings_256",8,"RKM","FPDC",0.0255014288967109
"user_embeddings_256",8,"RKM","FPDC",0.0544569105775767
"user_embeddings_256",8,"RKM","FPDC",0.0173782396276075
"user_embeddings_256",8,"RKM","FPDC",0.0341152711914353
"user_embeddings_256",8,"RKM","FPDC",0.0449434333068642
"user_embeddings_256",8,"FPDC","FPDC",0.105870592146335
"user_embeddings_256",8,"FPDC","FPDC",0.27040262573838
"user_embeddings_256",8,"FPDC","FPDC",0.343072013599027
"user_embeddings_256",8,"FPDC","FPDC",0.337283964366997
"user_embeddings_256",8,"FPDC","FPDC",0.180219372102709
"user_embeddings_256",8,"FPDC","FPDC",0.233098894542636
"user_embeddings_256",8,"FPDC","FPDC",0.219479880986455
"user_embeddings_256",8,"FPDC","FPDC",0.161833236420896
"user_embeddings_256",8,"FPDC","FPDC",0.217489156707469
"user_embeddings_256",8,"FPDC","FPDC",0.0880010718300547
"user_embeddings_256",8,"FPDC","FPDC",0.0881859039718591
"user_embeddings_256",8,"FPDC","FPDC",0.371090270773919
"user_embeddings_256",8,"FPDC","FPDC",0.318412331713353
"user_embeddings_256",8,"FPDC","FPDC",0.141601969374519
"user_embeddings_256",8,"FPDC","FPDC",0.221945356489274
"user_embeddings_256",8,"FPDC","FPDC",0.423104210379404
"user_embeddings_256",8,"FPDC","FPDC",0.172077821744843
"user_embeddings_256",8,"FPDC","FPDC",0.22565280769065
"user_embeddings_256",8,"FPDC","FPDC",0.175182868752871
"user_embeddings_256",8,"FPDC","FPDC",0.190866644284956
"user_embeddings_256",8,"FPDC","FPDC",0.196716362005851
